Workbook

Sheet Array Impedance
B2: WO-9001285
AO3: =Z20 -> 562 | AP3: =X21 -> 951 | AQ3: =Y22 -> 54 | AR3: =AA23 -> 61 | AS3: =AD24 -> 57 | AT3: =V24 -> 59 | AU3: =Z25 -> 58 | AV3: =AE26 -> 61 | AW3: A1 | BA3: =M55 -> 56 | BB3: =O54 -> 59 | BC3: =N53 -> 161 | BD3: =L52 -> 58 | BE3: =I51 -> 3041 | BF3: =Q51 -> 54 | BG3: =M50 -> <= 50 | BH3: =H49 -> <= 50 | BI3: A9
B4: SN: 11388-000003 | AO4: =Y20 -> 8290 | AP4: =W21 -> 61 | AQ4: =X22 -> 52 | AR4: =Z23 -> 52 | AS4: =AC24 -> 64 | AT4: =U24 -> 62 | AU4: =Y25 -> 65 | AV4: =AD26 -> 66 | AW4: array ID: 1078-3 | BA4: =N55 -> 61 | BB4: =P54 -> 59 | BC4: =O53 -> 57 | BD4: =M52 -> 52 | BE4: =J51 -> 64 | BF4: =R51 -> 63 | BG4: =N50 -> 53 | BH4: =I49 -> 54 | BI4: array ID: 1078-21
AO5: =X20 -> 55 | AP5: =V21 -> 58 | AQ5: =W22 -> 58 | AR5: =Y23 -> 63 | AS5: =AB24 -> 64 | AT5: =T24 -> 63 | AU5: =X25 -> 60 | AV5: =AC26 -> 66 | BA5: =O55 -> 60 | BB5: =Q54 -> 61 | BC5: =P53 -> 57 | BD5: =N52 -> 57 | BE5: =K51 -> 53 | BF5: =S51 -> 55 | BG5: =O50 -> <= 50 | BH5: =J49 -> 57
AO6: =W20 -> 59 | AP6: =U21 -> <= 50 | AQ6: =V22 -> 50 | AR6: =X23 -> <= 50 | AS6: =AA24 -> 66 | AT6: =AE25 -> 62 | AU6: =W25 -> 72 | AV6: =AB26 -> 61 | BA6: =P55 -> 62 | BB6: =R54 -> 58 | BC6: =Q53 -> 62 | BD6: =O52 -> 52 | BE6: =L51 -> 51 | BF6: =H50 -> 55 | BG6: =P50 -> 57 | BH6: =K49 -> 57
AO7: =V20 -> 50 | AP7: =T21 -> <= 50 | AQ7: =U22 -> 59 | AR7: =W23 -> 60 | AS7: =Z24 -> 65 | AT7: =AD25 -> 65 | AU7: =V25 -> 67 | AV7: =AA26 -> 66 | BA7: =Q55 -> 64 | BB7: =S54 -> 63 | BC7: =R53 -> 61 | BD7: =P52 -> 58 | BE7: =M51 -> <= 50 | BF7: =I50 -> 60 | BG7: =Q50 -> 57 | BH7: =L49 -> 57
AO8: =AA21 -> <= 50 | AP8: =AB22 -> <= 50 | AQ8: =T22 -> <= 50 | AR8: =V23 -> 51 | AS8: =Y24 -> 62 | AT8: =AC25 -> 68 | AU8: =U25 -> 68 | AV8: =Z26 -> 67 | BA8: =L54 -> 59 | BB8: =K53 -> 61 | BC8: =S53 -> 60 | BD8: =Q52 -> 62 | BE8: =N51 -> 53 | BF8: =J50 -> 56 | BG8: =R50 -> 57 | BH8: =M49 -> 57
AO9: =Z21 -> <= 50 | AP9: =AA22 -> <= 50 | AQ9: =AC23 -> 58 | AR9: =U23 -> 54 | AS9: =X24 -> 65 | AT9: =AB25 -> 63 | AU9: =T25 -> 63 | AV9: =Y26 -> 60 | BA9: =M54 -> 61 | BB9: =L53 -> 58 | BC9: =J52 -> 60 | BD9: =R52 -> 64 | BE9: =O51 -> 52 | BF9: =K50 -> 53 | BG9: =S50 -> 57 | BH9: =N49 -> 52
AO10: =Y21 -> 50 | AP10: =Z22 -> 52 | AQ10: =AB23 -> 54 | AR10: =T23 -> <= 50 | AS10: =W24 -> 65 | AT10: =AA25 -> 66 | AU10: =AF26 -> 67 | AV10: =X26 -> 61 | BA10: =N54 -> 57 | BB10: =M53 -> 54 | BC10: =K52 -> 66 | BD10: =S52 -> 72 | BE10: =P51 -> 51 | BF10: =L50 -> 55 | BG10: =G49 -> <= 50 | BH10: =O49 -> 53
AO12: =W26 -> 4652 | AP12: =AC27 -> <= 50 | AQ12: =U27 -> 59 | AR12: =AB28 -> 65 | AS12: =T28 -> 54 | AT12: =AB29 -> 57 | AU12: =T29 -> 56 | AV12: =AC30 -> 58 | AW12: A2 | BA12: =P49 -> 57 | BB12: =J48 -> 59 | BC12: =R48 -> 57 | BD12: =K47 -> 62 | BE12: =S47 -> 59 | BF12: =K46 -> 55 | BG12: =S46 -> 60 | BH12: =J45 -> 60 | BI12: A10
AO13: =V26 -> 55 | AP13: =AB27 -> 55 | AQ13: =T27 -> 66 | AR13: =AA28 -> 61 | AS13: =AI29 -> 56 | AT13: =AA29 -> <= 50 | AU13: =AJ30 -> 52 | AV13: =AB30 -> 52 | AW13: array ID: 1078-5 | BA13: =Q49 -> 60 | BB13: =K48 -> 52 | BC13: =S48 -> 55 | BD13: =L47 -> 56 | BE13: =D46 -> 64 | BF13: =L46 -> 64 | BG13: =C45 -> 64 | BH13: =K45 -> 54 | BI13: array ID: 1078-23
AO14: =U26 -> 59 | AP14: =AA27 -> 66 | AQ14: =AH28 -> 65 | AR14: =Z28 -> 70 | AS14: =AH29 -> 56 | AT14: =Z29 -> 58 | AU14: =AI30 -> 55 | AV14: =AA30 -> 57 | BA14: =R49 -> 60 | BB14: =L48 -> 59 | BC14: =E47 -> 58 | BD14: =M47 -> 63 | BE14: =E46 -> 64 | BF14: =M46 -> 64 | BG14: =D45 -> 62 | BH14: =L45 -> 69
AO15: =T26 -> 53 | AP15: =Z27 -> 61 | AQ15: =AG28 -> 65 | AR15: =Y28 -> 66 | AS15: =AG29 -> 58 | AT15: =Y29 -> <= 50 | AU15: =AH30 -> <= 50 | AV15: =Z30 -> <= 50 | BA15: =S49 -> 66 | BB15: =M48 -> 51 | BC15: =F47 -> 52 | BD15: =N47 -> 52 | BE15: =F46 -> 65 | BF15: =N46 -> 62 | BG15: =E45 -> 69 | BH15: =M45 -> 76
AO16: =AG27 -> 54 | AP16: =Y27 -> 70 | AQ16: =AF28 -> 69 | AR16: =X28 -> 68 | AS16: =AF29 -> 50 | AT16: =X29 -> <= 50 | AU16: =AG30 -> 54 | AV16: =Y30 -> 54 | BA16: =F48 -> 114 | BB16: =N48 -> 54 | BC16: =G47 -> 58 | BD16: =O47 -> 59 | BE16: =G46 -> 66 | BF16: =O46 -> 67 | BG16: =F45 -> 66 | BH16: =N45 -> 57
AO17: =AF27 -> 53 | AP17: =X27 -> 64 | AQ17: =AE28 -> 65 | AR17: =W28 -> 65 | AS17: =AE29 -> <= 50 | AT17: =W29 -> 51 | AU17: =AF30 -> <= 50 | AV17: =X30 -> <= 50 | BA17: =G48 -> <= 50 | BB17: =O48 -> 60 | BC17: =H47 -> <= 50 | BD17: =P47 -> 53 | BE17: =H46 -> 63 | BF17: =P46 -> 67 | BG17: =G45 -> 66 | BH17: =O45 -> 65
M18: Electrode impedance viewing from bottom (wire bonding side) | AO18: =AE27 -> 59 | AP18: =W27 -> 69 | AQ18: =AD28 -> 69 | AR18: =V28 -> 66 | AS18: =AD29 -> <= 50 | AT18: =V29 -> <= 50 | AU18: =AE30 -> 55 | AV18: =W30 -> 50 | BA18: =H48 -> <= 50 | BB18: =P48 -> 50 | BC18: =I47 -> 55 | BD18: =Q47 -> 56 | BE18: =I46 -> 60 | BF18: =Q46 -> 65 | BG18: =H45 -> 64 | BH18: =P45 -> 65
AO19: =AD27 -> <= 50 | AP19: =V27 -> 60 | AQ19: =AC28 -> 68 | AR19: =U28 -> 65 | AS19: =AC29 -> 51 | AT19: =U29 -> 52 | AU19: =AD30 -> 51 | AV19: =V30 -> <= 50 | BA19: =I48 -> 65 | BB19: =Q48 -> 58 | BC19: =J47 -> 62 | BD19: =R47 -> 55 | BE19: =J46 -> 65 | BF19: =R46 -> 64 | BG19: =I45 -> 65 | BH19: =Q45 -> 191
M20: ='AutoZ data'!BA61 -> 60 | N20: ='AutoZ data'!BA62 -> 63 | O20: ='AutoZ data'!BA63 -> 66 | P20: ='AutoZ data'!BA64 -> 62 | Q20: ='AutoZ data'!BA65 -> 58 | R20: R 7 | S20: R 8 | T20: R 2 | U20: R 1 | V20: ='AutoZ data'!C6 -> 50 | W20: ='AutoZ data'!C5 -> 59 | X20: ='AutoZ data'!C4 -> 55 | Y20: ='AutoZ data'!C3 -> 8290 | Z20: ='AutoZ data'!C2 -> 562
L21: ='AutoZ data'!BA53 -> 70 | M21: ='AutoZ data'!BA54 -> 65 | N21: ='AutoZ data'!BA55 -> 65 | O21: ='AutoZ data'!BA56 -> 63 | P21: ='AutoZ data'!BA57 -> 66 | Q21: ='AutoZ data'!BA58 -> 59 | R21: ='AutoZ data'!BA59 -> 64 | S21: ='AutoZ data'!BA60 -> 65 | T21: ='AutoZ data'!C14 -> <= 50 | U21: ='AutoZ data'!C$13 -> <= 50 | V21: ='AutoZ data'!C12 -> 58 | W21: ='AutoZ data'!C11 -> 61 | X21: ='AutoZ data'!C10 -> 951 | Y21: ='AutoZ data'!C9 -> 50 | Z21: ='AutoZ data'!C8 -> <= 50 | AA21: ='AutoZ data'!C7 -> <= 50 | AO21: =U30 -> 54 | AP21: =AE31 -> 60 | AQ21: =W31 -> 57 | AR21: =AG32 -> 57 | AS21: =Y32 -> 2206 | AT21: =AI33 -> 57 | AU21: =AA33 -> 55 | AV21: =AK34 -> 57 | AW21: A3 | BA21: =R45 -> 3028 | BB21: =H44 -> 63 | BC21: =P44 -> 62 | BD21: =F43 -> 64 | BE21: =N43 -> 60 | BF21: =D42 -> 62 | BG21: =L42 -> 60 | BH21: =B41 -> 61 | BI21: A11
K22: ='AutoZ data'!BA44 -> 64 | L22: ='AutoZ data'!BA45 -> 62 | M22: ='AutoZ data'!BA46 -> 66 | N22: ='AutoZ data'!BA47 -> 66 | O22: ='AutoZ data'!BA48 -> 63 | P22: ='AutoZ data'!BA49 -> 63 | Q22: ='AutoZ data'!BA50 -> 64 | R22: ='AutoZ data'!BA51 -> 64 | S22: ='AutoZ data'!BA52 -> 62 | T22: ='AutoZ data'!C23 -> <= 50 | U22: ='AutoZ data'!C22 -> 59 | V22: ='AutoZ data'!C21 -> 50 | W22: ='AutoZ data'!C20 -> 58 | X22: ='AutoZ data'!C19 -> 52 | Y22: ='AutoZ data'!C18 -> 54 | Z22: ='AutoZ data'!C17 -> 52 | AA22: ='AutoZ data'!C16 -> <= 50 | AB22: ='AutoZ data'!C15 -> <= 50 | AO22: =T30 -> 62 | AP22: =AD31 -> 62 | AQ22: =V31 -> 61 | AR22: =AF32 -> 59 | AS22: =X32 -> 56 | AT22: =AH33 -> <= 50 | AU22: =Z33 -> 58 | AV22: =AJ34 -> 53 | AW22: array ID: 1078-7 | BA22: =S45 -> 62 | BB22: =I44 -> 56 | BC22: =Q44 -> 64 | BD22: =G43 -> 60 | BE22: =O43 -> 62 | BF22: =E42 -> 53 | BG22: =M42 -> 58 | BH22: =C41 -> 55 | BI22: array ID: 1078-25
J23: ='AutoZ data'!BA34 -> 60 | K23: ='AutoZ data'!BA35 -> 65 | L23: ='AutoZ data'!BA36 -> 64 | M23: ='AutoZ data'!BA37 -> 65 | N23: ='AutoZ data'!BA38 -> 66 | O23: ='AutoZ data'!BA39 -> 63 | P23: ='AutoZ data'!BA40 -> 65 | Q23: ='AutoZ data'!BA41 -> 64 | R23: ='AutoZ data'!BA42 -> 63 | S23: ='AutoZ data'!BA43 -> 64 | T23: ='AutoZ data'!C33 -> <= 50 | U23: ='AutoZ data'!C32 -> 54 | V23: ='AutoZ data'!C31 -> 51 | W23: ='AutoZ data'!C30 -> 60 | X23: ='AutoZ data'!C29 -> <= 50 | Y23: ='AutoZ data'!C28 -> 63 | Z23: ='AutoZ data'!C27 -> 52 | AA23: ='AutoZ data'!C26 -> 61 | AB23: ='AutoZ data'!C25 -> 54 | AC23: ='AutoZ data'!C24 -> 58 | AO23: =AK31 -> 58 | AP23: =AC31 -> 60 | AQ23: =U31 -> 57 | AR23: =AE32 -> 61 | AS23: =W32 -> 59 | AT23: =AG33 -> 59 | AU23: =Y33 -> 55 | AV23: =AI34 -> 58 | BA23: =B44 -> 65 | BB23: =J44 -> 65 | BC23: =R44 -> 62 | BD23: =H43 -> 65 | BE23: =P43 -> 63 | BF23: =F42 -> 64 | BG23: =N42 -> 61 | BH23: =D41 -> 63
I24: ='AutoZ data'!BA23 -> <= 50 | J24: ='AutoZ data'!BA24 -> 63 | K24: ='AutoZ data'!BA25 -> 57 | L24: ='AutoZ data'!BA26 -> 61 | M24: ='AutoZ data'!BA27 -> 55 | N24: ='AutoZ data'!BA28 -> 62 | O24: ='AutoZ data'!BA29 -> 51 | P24: ='AutoZ data'!BA30 -> 59 | Q24: ='AutoZ data'!BA31 -> 53 | R24: ='AutoZ data'!BA32 -> 56 | S24: ='AutoZ data'!BA33 -> 53 | T24: ='AutoZ data'!C44 -> 63 | U24: ='AutoZ data'!C43 -> 62 | V24: ='AutoZ data'!C42 -> 59 | W24: ='AutoZ data'!C41 -> 65 | X24: ='AutoZ data'!C40 -> 65 | Y24: ='AutoZ data'!C39 -> 62 | Z24: ='AutoZ data'!C38 -> 65 | AA24: ='AutoZ data'!C37 -> 66 | AB24: ='AutoZ data'!C36 -> 64 | AC24: ='AutoZ data'!C35 -> 64 | AD24: ='AutoZ data'!C34 -> 57 | AO24: =AJ31 -> 61 | AP24: =AB31 -> 59 | AQ24: =T31 -> 64 | AR24: =AD32 -> 56 | AS24: =V32 -> 52 | AT24: =AF33 -> 52 | AU24: =X33 -> 56 | AV24: =AH34 -> 57 | BA24: =C44 -> 58 | BB24: =K44 -> 60 | BC24: =S44 -> 63 | BD24: =I43 -> 63 | BE24: =Q43 -> 64 | BF24: =G42 -> 52 | BG24: =O42 -> 53 | BH24: =E41 -> 52
H25: ='AutoZ data'!BA11 -> 51 | I25: ='AutoZ data'!BA12 -> 62 | J25: ='AutoZ data'!BA13 -> 51 | K25: ='AutoZ data'!BA14 -> 55 | L25: ='AutoZ data'!BA15 -> 61 | M25: ='AutoZ data'!BA16 -> 58 | N25: ='AutoZ data'!BA17 -> 58 | O25: ='AutoZ data'!BA18 -> 59 | P25: ='AutoZ data'!BA19 -> 56 | Q25: ='AutoZ data'!BA20 -> 60 | R25: ='AutoZ data'!BA21 -> 54 | S25: ='AutoZ data'!BA22 -> 63 | T25: ='AutoZ data'!C56 -> 63 | U25: ='AutoZ data'!C55 -> 68 | V25: ='AutoZ data'!C54 -> 67 | W25: ='AutoZ data'!C53 -> 72 | X25: ='AutoZ data'!C52 -> 60 | Y25: ='AutoZ data'!C51 -> 65 | Z25: ='AutoZ data'!C50 -> 58 | AA25: ='AutoZ data'!C49 -> 66 | AB25: ='AutoZ data'!C48 -> 63 | AC25: ='AutoZ data'!C47 -> 68 | AD25: ='AutoZ data'!C46 -> 65 | AE25: ='AutoZ data'!C45 -> 62 | AO25: =AI31 -> 63 | AP25: =AA31 -> 6253 | AQ25: =AK32 -> 60 | AR25: =AC32 -> 60 | AS25: =U32 -> 57 | AT25: =AE33 -> 59 | AU25: =W33 -> 57 | AV25: =AG34 -> 55 | BA25: =D44 -> 64 | BB25: =L44 -> 66 | BC25: =B43 -> 65 | BD25: =J43 -> 61 | BE25: =R43 -> 61 | BF25: =H42 -> 55 | BG25: =P42 -> 61 | BH25: =F41 -> 57
G26: ='AutoZ data'!AV94 -> 50 | H26: ='AutoZ data'!AV95 -> 54 | I26: ='AutoZ data'!AV96 -> 50 | J26: ='AutoZ data'!AV97 -> 51 | K26: ='AutoZ data'!BA2 -> <= 50 | L26: ='AutoZ data'!BA3 -> 59 | M26: ='AutoZ data'!BA4 -> 60 | N26: ='AutoZ data'!BA5 -> 61 | O26: ='AutoZ data'!BA6 -> 75 | P26: ='AutoZ data'!BA7 -> <= 50 | Q26: ='AutoZ data'!BA8 -> 390 | R26: ='AutoZ data'!BA9 -> 57 | S26: ='AutoZ data'!BA10 -> 59 | T26: ='AutoZ data'!C69 -> 53 | U26: ='AutoZ data'!C68 -> 59 | V26: ='AutoZ data'!C67 -> 55 | W26: ='AutoZ data'!C66 -> 4652 | X26: ='AutoZ data'!C65 -> 61 | Y26: ='AutoZ data'!C64 -> 60 | Z26: ='AutoZ data'!C63 -> 67 | AA26: ='AutoZ data'!C62 -> 66 | AB26: ='AutoZ data'!C61 -> 61 | AC26: ='AutoZ data'!C60 -> 66 | AD26: ='AutoZ data'!C59 -> 66 | AE26: ='AutoZ data'!C58 -> 61 | AF26: ='AutoZ data'!C57 -> 67 | AO26: =AH31 -> 59 | AP26: =Z31 -> 60 | AQ26: =AJ32 -> 60 | AR26: =AB32 -> 64 | AS26: =T32 -> 51 | AT26: =AD33 -> 53 | AU26: =V33 -> 54 | AV26: =AF34 -> 54 | BA26: =E44 -> 55 | BB26: =M44 -> 60 | BC26: =C43 -> 61 | BD26: =K43 -> 62 | BE26: =S43 -> <= 50 | BF26: =I42 -> 59 | BG26: =Q42 -> <= 50 | BH26: =G41 -> 51
F27: ='AutoZ data'!AV80 -> 52 | G27: ='AutoZ data'!AV81 -> 52 | H27: ='AutoZ data'!AV82 -> <= 50 | I27: ='AutoZ data'!AV83 -> <= 50 | J27: ='AutoZ data'!AV84 -> <= 50 | K27: ='AutoZ data'!AV85 -> 51 | L27: ='AutoZ data'!AV86 -> 51 | M27: ='AutoZ data'!AV87 -> 50 | N27: ='AutoZ data'!AV88 -> 50 | O27: ='AutoZ data'!AV89 -> 51 | P27: ='AutoZ data'!AV90 -> <= 50 | Q27: ='AutoZ data'!AV91 -> 54 | R27: ='AutoZ data'!AV92 -> <= 50 | S27: ='AutoZ data'!AV93 -> 50 | T27: ='AutoZ data'!C83 -> 66 | U27: ='AutoZ data'!C82 -> 59 | V27: ='AutoZ data'!C81 -> 60 | W27: ='AutoZ data'!C80 -> 69 | X27: ='AutoZ data'!C79 -> 64 | Y27: ='AutoZ data'!C78 -> 70 | Z27: ='AutoZ data'!C77 -> 61 | AA27: ='AutoZ data'!C76 -> 66 | AB27: ='AutoZ data'!C75 -> 55 | AC27: ='AutoZ data'!C74 -> <= 50 | AD27: ='AutoZ data'!C73 -> <= 50 | AE27: ='AutoZ data'!C72 -> 59 | AF27: ='AutoZ data'!C71 -> 53 | AG27: ='AutoZ data'!C70 -> 54 | AO27: =AG31 -> 59 | AP27: =Y31 -> 57 | AQ27: =AI32 -> 59 | AR27: =AA32 -> 60 | AS27: =AK33 -> 58 | AT27: =AC33 -> <= 50 | AU27: =U33 -> <= 50 | AV27: =AE34 -> 53 | BA27: =F44 -> 60 | BB27: =N44 -> 63 | BC27: =D43 -> 62 | BD27: =L43 -> 7564 | BE27: =B42 -> 54 | BF27: =J42 -> 55 | BG27: =R42 -> 61 | BH27: =H41 -> 52
E28: ='AutoZ data'!AV65 -> 58 | F28: ='AutoZ data'!AV66 -> 1833 | G28: ='AutoZ data'!AV67 -> 54 | H28: ='AutoZ data'!AV68 -> 51 | I28: ='AutoZ data'!AV69 -> <= 50 | J28: ='AutoZ data'!AV70 -> 50 | K28: ='AutoZ data'!AV71 -> <= 50 | L28: ='AutoZ data'!AV72 -> 51 | M28: ='AutoZ data'!AV73 -> <= 50 | N28: ='AutoZ data'!AV74 -> <= 50 | O28: ='AutoZ data'!AV75 -> 53 | P28: ='AutoZ data'!AV76 -> 50 | Q28: ='AutoZ data'!AV77 -> 50 | R28: ='AutoZ data'!AV78 -> 52 | S28: ='AutoZ data'!AV79 -> <= 50 | T28: ='AutoZ data'!H2 -> 54 | U28: ='AutoZ data'!C97 -> 65 | V28: ='AutoZ data'!C96 -> 66 | W28: ='AutoZ data'!C95 -> 65 | X28: ='AutoZ data'!C94 -> 68 | Y28: ='AutoZ data'!C93 -> 66 | Z28: ='AutoZ data'!C92 -> 70 | AA28: ='AutoZ data'!C91 -> 61 | AB28: ='AutoZ data'!C90 -> 65 | AC28: ='AutoZ data'!C89 -> 68 | AD28: ='AutoZ data'!C88 -> 69 | AE28: ='AutoZ data'!C87 -> 65 | AF28: ='AutoZ data'!C86 -> 69 | AG28: ='AutoZ data'!C85 -> 65 | AH28: ='AutoZ data'!C84 -> 65 | AO28: =AF31 -> 59 | AP28: =X31 -> 58 | AQ28: =AH32 -> 61 | AR28: =Z32 -> 56 | AS28: =AJ33 -> 52 | AT28: =AB33 -> 54 | AU28: =T33 -> 4953 | AV28: =AD34 -> 51 | BA28: =G44 -> 70 | BB28: =O44 -> 55 | BC28: =E43 -> 61 | BD28: =M43 -> 56 | BE28: =C42 -> 55 | BF28: =K42 -> 57 | BG28: =S42 -> 55 | BH28: =I41 -> 54
D29: ='AutoZ data'!AV49 -> 54 | E29: ='AutoZ data'!AV50 -> 53 | F29: ='AutoZ data'!AV51 -> 72 | G29: ='AutoZ data'!AV52 -> 50 | H29: ='AutoZ data'!AV53 -> 54 | I29: ='AutoZ data'!AV54 -> 54 | J29: ='AutoZ data'!AV55 -> 53 | K29: ='AutoZ data'!AV56 -> 54 | L29: ='AutoZ data'!AV57 -> 57 | M29: ='AutoZ data'!AV58 -> 61 | N29: ='AutoZ data'!AV59 -> 57 | O29: ='AutoZ data'!AV60 -> 56 | P29: ='AutoZ data'!AV61 -> 51 | Q29: ='AutoZ data'!AV62 -> 53 | R29: ='AutoZ data'!AV63 -> 56 | S29: ='AutoZ data'!AV64 -> 61 | T29: ='AutoZ data'!H18 -> 56 | U29: ='AutoZ data'!H17 -> 52 | V29: ='AutoZ data'!H16 -> <= 50 | W29: ='AutoZ data'!H15 -> 51 | X29: ='AutoZ data'!H14 -> <= 50 | Y29: ='AutoZ data'!H13 -> <= 50 | Z29: ='AutoZ data'!H12 -> 58 | AA29: ='AutoZ data'!H11 -> <= 50 | AB29: ='AutoZ data'!H10 -> 57 | AC29: ='AutoZ data'!H9 -> 51 | AD29: ='AutoZ data'!H8 -> <= 50 | AE29: ='AutoZ data'!H7 -> <= 50 | AF29: ='AutoZ data'!H6 -> 50 | AG29: ='AutoZ data'!H5 -> 58 | AH29: ='AutoZ data'!H4 -> 56 | AI29: ='AutoZ data'!H3 -> 56
C30: ='AutoZ data'!AV32 -> <= 50 | D30: ='AutoZ data'!AV33 -> 56 | E30: ='AutoZ data'!AV34 -> 52 | F30: ='AutoZ data'!AV35 -> 55 | G30: ='AutoZ data'!AV36 -> 54 | H30: ='AutoZ data'!AV37 -> 53 | I30: ='AutoZ data'!AV38 -> 55 | J30: ='AutoZ data'!AV39 -> 52 | K30: ='AutoZ data'!AV40 -> 56 | L30: ='AutoZ data'!AV41 -> 54 | M30: ='AutoZ data'!AV42 -> 55 | N30: ='AutoZ data'!AV43 -> 52 | O30: ='AutoZ data'!AV44 -> 56 | P30: ='AutoZ data'!AV45 -> <= 50 | Q30: ='AutoZ data'!AV46 -> 58 | R30: ='AutoZ data'!AV47 -> 53 | S30: ='AutoZ data'!AV48 -> 55 | T30: ='AutoZ data'!H35 -> 62 | U30: ='AutoZ data'!H34 -> 54 | V30: ='AutoZ data'!H33 -> <= 50 | W30: ='AutoZ data'!H32 -> 50 | X30: ='AutoZ data'!H31 -> <= 50 | Y30: ='AutoZ data'!H30 -> 54 | Z30: ='AutoZ data'!H29 -> <= 50 | AA30: ='AutoZ data'!H28 -> 57 | AB30: ='AutoZ data'!H27 -> 52 | AC30: ='AutoZ data'!H26 -> 58 | AD30: ='AutoZ data'!H25 -> 51 | AE30: ='AutoZ data'!H24 -> 55 | AF30: ='AutoZ data'!H23 -> <= 50 | AG30: ='AutoZ data'!H22 -> 54 | AH30: ='AutoZ data'!H21 -> <= 50 | AI30: ='AutoZ data'!H20 -> 55 | AJ30: ='AutoZ data'!H19 -> 52 | AO30: =AC34 -> 59 | AP30: =U34 -> 58 | AQ30: =AE35 -> 56 | AR30: =W35 -> 54 | AS30: =AG36 -> 57 | AT30: =Y36 -> 58 | AU30: =AI37 -> 60 | AV30: =AA37 -> 59 | AW30: A4 | BA30: =J41 -> 60 | BB30: =R41 -> 63 | BC30: =H40 -> 64 | BD30: =P40 -> 63 | BE30: =F39 -> 1459 | BF30: =N39 -> 61 | BG30: =D38 -> 60 | BH30: =L38 -> 61 | BI30: A12
B31: ='AutoZ data'!AV14 -> <= 50 | C31: ='AutoZ data'!AV15 -> 56 | D31: ='AutoZ data'!AV16 -> <= 50 | E31: ='AutoZ data'!AV17 -> 54 | F31: ='AutoZ data'!AV18 -> <= 50 | G31: ='AutoZ data'!AV19 -> <= 50 | H31: ='AutoZ data'!AV20 -> <= 50 | I31: ='AutoZ data'!AV21 -> <= 50 | J31: ='AutoZ data'!AV22 -> 51 | K31: ='AutoZ data'!AV23 -> <= 50 | L31: ='AutoZ data'!AV24 -> <= 50 | M31: ='AutoZ data'!AV25 -> 51 | N31: ='AutoZ data'!AV26 -> <= 50 | O31: ='AutoZ data'!AV27 -> <= 50 | P31: ='AutoZ data'!AV28 -> 52 | Q31: ='AutoZ data'!AV29 -> <= 50 | R31: ='AutoZ data'!AV30 -> <= 50 | S31: ='AutoZ data'!AV31 -> <= 50 | T31: ='AutoZ data'!H53 -> 64 | U31: ='AutoZ data'!H52 -> 57 | V31: ='AutoZ data'!H51 -> 61 | W31: ='AutoZ data'!H50 -> 57 | X31: ='AutoZ data'!H49 -> 58 | Y31: ='AutoZ data'!H48 -> 57 | Z31: ='AutoZ data'!H47 -> 60 | AA31: ='AutoZ data'!H46 -> 6253 | AB31: ='AutoZ data'!H45 -> 59 | AC31: ='AutoZ data'!H44 -> 60 | AD31: ='AutoZ data'!H43 -> 62 | AE31: ='AutoZ data'!H42 -> 60 | AF31: ='AutoZ data'!H41 -> 59 | AG31: ='AutoZ data'!H40 -> 59 | AH31: ='AutoZ data'!H39 -> 59 | AI31: ='AutoZ data'!H38 -> 63 | AJ31: ='AutoZ data'!H37 -> 61 | AK31: ='AutoZ data'!H36 -> 58 | AO31: =AB34 -> 64 | AP31: =T34 -> <= 50 | AQ31: =AD35 -> 55 | AR31: =V35 -> 52 | AS31: =AF36 -> 62 | AT31: =X36 -> 59 | AU31: =AH37 -> 57 | AV31: =Z37 -> 55 | AW31: array ID: 1078-8 | BA31: =K41 -> 64 | BB31: =S41 -> 65 | BC31: =I40 -> 65 | BD31: =Q40 -> 66 | BE31: =G39 -> 61 | BF31: =O39 -> 54 | BG31: =E38 -> 62 | BH31: =M38 -> 59 | BI31: array ID: 1078-26
B32: ='AutoZ data'!AQ92 -> 57 | C32: ='AutoZ data'!AQ93 -> 56 | D32: ='AutoZ data'!AQ94 -> 56 | E32: ='AutoZ data'!AQ95 -> 58 | F32: ='AutoZ data'!AQ96 -> 54 | G32: ='AutoZ data'!AQ97 -> 55 | H32: ='AutoZ data'!AV2 -> <= 50 | I32: ='AutoZ data'!AV3 -> 53 | J32: ='AutoZ data'!AV4 -> 50 | K32: ='AutoZ data'!AV5 -> 61 | L32: ='AutoZ data'!AV6 -> 52 | M32: ='AutoZ data'!AV7 -> <= 50 | N32: ='AutoZ data'!AV8 -> 122 | O32: ='AutoZ data'!AV9 -> 56 | P32: ='AutoZ data'!AV10 -> <= 50 | Q32: ='AutoZ data'!AV11 -> <= 50 | R32: ='AutoZ data'!AV12 -> 51 | S32: ='AutoZ data'!AV13 -> <= 50 | T32: ='AutoZ data'!H71 -> 51 | U32: ='AutoZ data'!H70 -> 57 | V32: ='AutoZ data'!H69 -> 52 | W32: ='AutoZ data'!H68 -> 59 | X32: ='AutoZ data'!H67 -> 56 | Y32: ='AutoZ data'!H66 -> 2206 | Z32: ='AutoZ data'!H65 -> 56 | AA32: ='AutoZ data'!H64 -> 60 | AB32: ='AutoZ data'!H63 -> 64 | AC32: ='AutoZ data'!H62 -> 60 | AD32: ='AutoZ data'!H61 -> 56 | AE32: ='AutoZ data'!H60 -> 61 | AF32: ='AutoZ data'!H59 -> 59 | AG32: ='AutoZ data'!H58 -> 57 | AH32: ='AutoZ data'!H57 -> 61 | AI32: ='AutoZ data'!H56 -> 59 | AJ32: ='AutoZ data'!H55 -> 60 | AK32: ='AutoZ data'!H54 -> 60 | AO32: =AA34 -> 387 | AP32: =AK35 -> 58 | AQ32: =AC35 -> 56 | AR32: =U35 -> 59 | AS32: =AE36 -> 61 | AT32: =W36 -> 60 | AU32: =AG37 -> 57 | AV32: =Y37 -> 55 | BA32: =L41 -> 63 | BB32: =B40 -> 65 | BC32: =J40 -> 64 | BD32: =R40 -> 66 | BE32: =H39 -> 64 | BF32: =P39 -> 64 | BG32: =F38 -> 60 | BH32: =N38 -> 64
B33: ='AutoZ data'!AQ74 -> 54 | C33: ='AutoZ data'!AQ75 -> 51 | D33: ='AutoZ data'!AQ76 -> 57 | E33: ='AutoZ data'!AQ77 -> 54 | F33: ='AutoZ data'!AQ78 -> 57 | G33: ='AutoZ data'!AQ79 -> 53 | H33: ='AutoZ data'!AQ80 -> 56 | I33: ='AutoZ data'!AQ81 -> 54 | J33: ='AutoZ data'!AQ82 -> 52 | K33: ='AutoZ data'!AQ83 -> 56 | L33: ='AutoZ data'!AQ84 -> 53 | M33: ='AutoZ data'!AQ85 -> 56 | N33: ='AutoZ data'!AQ86 -> 57 | O33: ='AutoZ data'!AQ87 -> 54 | P33: ='AutoZ data'!AQ88 -> 53 | Q33: ='AutoZ data'!AQ89 -> 54 | R33: ='AutoZ data'!AQ90 -> 54 | S33: ='AutoZ data'!AQ91 -> 55 | T33: ='AutoZ data'!H89 -> 4953 | U33: ='AutoZ data'!H88 -> <= 50 | V33: ='AutoZ data'!H87 -> 54 | W33: ='AutoZ data'!H86 -> 57 | X33: ='AutoZ data'!H85 -> 56 | Y33: ='AutoZ data'!H84 -> 55 | Z33: ='AutoZ data'!H83 -> 58 | AA33: ='AutoZ data'!H82 -> 55 | AB33: ='AutoZ data'!H81 -> 54 | AC33: ='AutoZ data'!H80 -> <= 50 | AD33: ='AutoZ data'!H79 -> 53 | AE33: ='AutoZ data'!H78 -> 59 | AF33: ='AutoZ data'!H77 -> 52 | AG33: ='AutoZ data'!H76 -> 59 | AH33: ='AutoZ data'!H75 -> <= 50 | AI33: ='AutoZ data'!H74 -> 57 | AJ33: ='AutoZ data'!H73 -> 52 | AK33: ='AutoZ data'!H72 -> 58 | AO33: =Z34 -> 62 | AP33: =AJ35 -> <= 50 | AQ33: =AB35 -> 51 | AR33: =T35 -> <= 50 | AS33: =AD36 -> 62 | AT33: =V36 -> 59 | AU33: =AF37 -> 63 | AV33: =X37 -> 54 | BA33: =M41 -> 65 | BB33: =C40 -> 64 | BC33: =K40 -> 70 | BD33: =S40 -> 62 | BE33: =I39 -> 56 | BF33: =Q39 -> 58 | BG33: =G38 -> 61 | BH33: =O38 -> 61
B34: ='AutoZ data'!AQ56 -> 56 | C34: ='AutoZ data'!AQ57 -> 60 | D34: ='AutoZ data'!AQ58 -> 58 | E34: ='AutoZ data'!AQ59 -> 58 | F34: ='AutoZ data'!AQ60 -> 79 | G34: ='AutoZ data'!AQ61 -> 5373 | H34: ='AutoZ data'!AQ62 -> 54 | I34: ='AutoZ data'!AQ63 -> 58 | J34: ='AutoZ data'!AQ64 -> 64 | K34: ='AutoZ data'!AQ65 -> 61 | L34: ='AutoZ data'!AQ66 -> 2246 | M34: ='AutoZ data'!AQ67 -> 3849 | N34: ='AutoZ data'!AQ68 -> 57 | O34: ='AutoZ data'!AQ69 -> <=50 | P34: ='AutoZ data'!AQ70 -> 54 | Q34: ='AutoZ data'!AQ71 -> 53 | R34: ='AutoZ data'!AQ72 -> 3293 | S34: ='AutoZ data'!AQ73 -> 51 | T34: ='AutoZ data'!M11 -> <= 50 | U34: ='AutoZ data'!M10 -> 58 | V34: ='AutoZ data'!M9 -> 314 | W34: ='AutoZ data'!M8 -> 51 | X34: ='AutoZ data'!M7 -> <= 50 | Y34: ='AutoZ data'!M6 -> 56 | Z34: ='AutoZ data'!M5 -> 62 | AA34: ='AutoZ data'!M4 -> 387 | AB34: ='AutoZ data'!M3 -> 64 | AC34: ='AutoZ data'!M2 -> 59 | AD34: ='AutoZ data'!H97 -> 51 | AE34: ='AutoZ data'!H96 -> 53 | AF34: ='AutoZ data'!H95 -> 54 | AG34: ='AutoZ data'!H94 -> 55 | AH34: ='AutoZ data'!H93 -> 57 | AI34: ='AutoZ data'!H92 -> 58 | AJ34: ='AutoZ data'!H91 -> 53 | AK34: ='AutoZ data'!H90 -> 57 | AO34: =Y34 -> 56 | AP34: =AI35 -> 51 | AQ34: =AA35 -> 58 | AR34: =AK36 -> 56 | AS34: =AC36 -> 64 | AT34: =U36 -> 61 | AU34: =AE37 -> 58 | AV34: =W37 -> 55 | BA34: =N41 -> 67 | BB34: =D40 -> 67 | BC34: =L40 -> 66 | BD34: =B39 -> 66 | BE34: =J39 -> 64 | BF34: =R39 -> 65 | BG34: =H38 -> 64 | BH34: =P38 -> 60
B35: ='AutoZ data'!AQ38 -> 59 | C35: ='AutoZ data'!AQ39 -> 55 | D35: ='AutoZ data'!AQ40 -> 57 | E35: ='AutoZ data'!AQ41 -> 56 | F35: ='AutoZ data'!AQ42 -> 60 | G35: ='AutoZ data'!AQ43 -> 56 | H35: ='AutoZ data'!AQ44 -> 58 | I35: ='AutoZ data'!AQ45 -> 54 | J35: ='AutoZ data'!AQ46 -> 60 | K35: ='AutoZ data'!AQ47 -> 58 | L35: ='AutoZ data'!AQ48 -> 57 | M35: ='AutoZ data'!AQ49 -> 55 | N35: ='AutoZ data'!AQ50 -> 57 | O35: ='AutoZ data'!AQ51 -> 55 | P35: ='AutoZ data'!AQ52 -> 54 | Q35: ='AutoZ data'!AQ53 -> 58 | R35: ='AutoZ data'!AQ54 -> 57 | S35: ='AutoZ data'!AQ55 -> 56 | T35: ='AutoZ data'!M29 -> <= 50 | U35: ='AutoZ data'!M28 -> 59 | V35: ='AutoZ data'!M27 -> 52 | W35: ='AutoZ data'!M26 -> 54 | X35: ='AutoZ data'!M25 -> 54 | Y35: ='AutoZ data'!M24 -> 57 | Z35: ='AutoZ data'!M23 -> <= 50 | AA35: ='AutoZ data'!M22 -> 58 | AB35: ='AutoZ data'!M21 -> 51 | AC35: ='AutoZ data'!M20 -> 56 | AD35: ='AutoZ data'!M19 -> 55 | AE35: ='AutoZ data'!M18 -> 56 | AF35: ='AutoZ data'!M17 -> 57 | AG35: ='AutoZ data'!M16 -> 51 | AH35: ='AutoZ data'!M15 -> 55 | AI35: ='AutoZ data'!M14 -> 51 | AJ35: ='AutoZ data'!M13 -> <= 50 | AK35: ='AutoZ data'!M12 -> 58 | AO35: =X34 -> <= 50 | AP35: =AH35 -> 55 | AQ35: =Z35 -> <= 50 | AR35: =AJ36 -> 50 | AS35: =AB36 -> 59 | AT35: =T36 -> 63 | AU35: =AD37 -> 61 | AV35: =V37 -> 62 | BA35: =O41 -> 63 | BB35: =E40 -> 68 | BC35: =M40 -> 66 | BD35: =C39 -> 69 | BE35: =K39 -> 56 | BF35: =S39 -> 59 | BG35: =I38 -> 61 | BH35: =Q38 -> 60
B36: ='AutoZ data'!AQ20 -> 50 | C36: ='AutoZ data'!AQ21 -> 52 | D36: ='AutoZ data'!AQ22 -> 52 | E36: ='AutoZ data'!AQ23 -> <= 50 | F36: ='AutoZ data'!AQ24 -> 142 | G36: ='AutoZ data'!AQ25 -> 54 | H36: ='AutoZ data'!AQ26 -> 54 | I36: ='AutoZ data'!AQ27 -> 50 | J36: ='AutoZ data'!AQ28 -> 53 | K36: ='AutoZ data'!AQ29 -> 52 | L36: ='AutoZ data'!AQ30 -> <= 50 | M36: ='AutoZ data'!AQ31 -> 51 | N36: ='AutoZ data'!AQ32 -> <= 50 | O36: ='AutoZ data'!AQ33 -> 56 | P36: ='AutoZ data'!AQ34 -> 57 | Q36: ='AutoZ data'!AQ35 -> 58 | R36: ='AutoZ data'!AQ36 -> 55 | S36: ='AutoZ data'!AQ37 -> 57 | T36: ='AutoZ data'!M47 -> 63 | U36: ='AutoZ data'!M46 -> 61 | V36: ='AutoZ data'!M45 -> 59 | W36: ='AutoZ data'!M44 -> 60 | X36: ='AutoZ data'!M43 -> 59 | Y36: ='AutoZ data'!M42 -> 58 | Z36: ='AutoZ data'!M41 -> 60 | AA36: ='AutoZ data'!M40 -> 61 | AB36: ='AutoZ data'!M39 -> 59 | AC36: ='AutoZ data'!M38 -> 64 | AD36: ='AutoZ data'!M37 -> 62 | AE36: ='AutoZ data'!M36 -> 61 | AF36: ='AutoZ data'!M35 -> 62 | AG36: ='AutoZ data'!M34 -> 57 | AH36: ='AutoZ data'!M33 -> 52 | AI36: ='AutoZ data'!M32 -> 52 | AJ36: ='AutoZ data'!M31 -> 50 | AK36: ='AutoZ data'!M30 -> 56 | AO36: =W34 -> 51 | AP36: =AG35 -> 51 | AQ36: =Y35 -> 57 | AR36: =AI36 -> 52 | AS36: =AA36 -> 61 | AT36: =AK37 -> 59 | AU36: =AC37 -> 55 | AV36: =U37 -> 62 | BA36: =P41 -> 65 | BB36: =F40 -> 64 | BC36: =N40 -> 64 | BD36: =D39 -> 65 | BE36: =L39 -> 63 | BF36: =B38 -> 64 | BG36: =J38 -> 58 | BH36: =R38 -> 59
B37: ='AutoZ data'!AQ2 -> 52 | C37: ='AutoZ data'!AQ3 -> 57 | D37: ='AutoZ data'!AQ4 -> 54 | E37: ='AutoZ data'!AQ5 -> 66 | F37: ='AutoZ data'!AQ6 -> 61 | G37: ='AutoZ data'!AQ7 -> <= 50 | H37: ='AutoZ data'!AQ8 -> 51 | I37: ='AutoZ data'!AQ9 -> 70 | J37: ='AutoZ data'!AQ10 -> 52 | K37: ='AutoZ data'!AQ11 -> 52 | L37: ='AutoZ data'!AQ12 -> 54 | M37: ='AutoZ data'!AQ13 -> <= 50 | N37: ='AutoZ data'!AQ14 -> <= 50 | O37: ='AutoZ data'!AQ15 -> 79 | P37: ='AutoZ data'!AQ16 -> 52 | Q37: ='AutoZ data'!AQ17 -> 57 | R37: ='AutoZ data'!AQ18 -> 53 | S37: ='AutoZ data'!AQ19 -> 51 | T37: ='AutoZ data'!M65 -> 60 | U37: ='AutoZ data'!M64 -> 62 | V37: ='AutoZ data'!M63 -> 62 | W37: ='AutoZ data'!M62 -> 55 | X37: ='AutoZ data'!M61 -> 54 | Y37: ='AutoZ data'!M60 -> 55 | Z37: ='AutoZ data'!M59 -> 55 | AA37: ='AutoZ data'!M58 -> 59 | AB37: ='AutoZ data'!M57 -> 57 | AC37: ='AutoZ data'!M56 -> 55 | AD37: ='AutoZ data'!M55 -> 61 | AE37: ='AutoZ data'!M54 -> 58 | AF37: ='AutoZ data'!M53 -> 63 | AG37: ='AutoZ data'!M52 -> 57 | AH37: ='AutoZ data'!M51 -> 57 | AI37: ='AutoZ data'!M50 -> 60 | AJ37: ='AutoZ data'!M49 -> 57 | AK37: ='AutoZ data'!M48 -> 59 | AL37: wire | AO37: =V34 -> 314 | AP37: =AF35 -> 57 | AQ37: =X35 -> 54 | AR37: =AH36 -> 52 | AS37: =Z36 -> 60 | AT37: =AJ37 -> 57 | AU37: =AB37 -> 57 | AV37: =T37 -> 60 | BA37: =Q41 -> 64 | BB37: =G40 -> 62 | BC37: =O40 -> 66 | BD37: =E39 -> 62 | BE37: =M39 -> 59 | BF37: =C38 -> 59 | BG37: =K38 -> 62 | BH37: =S38 -> 56
B38: ='AutoZ data'!AL80 -> 64 | C38: ='AutoZ data'!AL81 -> 59 | D38: ='AutoZ data'!AL82 -> 60 | E38: ='AutoZ data'!AL83 -> 62 | F38: ='AutoZ data'!AL84 -> 60 | G38: ='AutoZ data'!AL85 -> 61 | H38: ='AutoZ data'!AL86 -> 64 | I38: ='AutoZ data'!AL87 -> 61 | J38: ='AutoZ data'!AL88 -> 58 | K38: ='AutoZ data'!AL89 -> 62 | L38: ='AutoZ data'!AL90 -> 61 | M38: ='AutoZ data'!AL91 -> 59 | N38: ='AutoZ data'!AL92 -> 64 | O38: ='AutoZ data'!AL93 -> 61 | P38: ='AutoZ data'!AL94 -> 60 | Q38: ='AutoZ data'!AL95 -> 60 | R38: ='AutoZ data'!AL96 -> 59 | S38: ='AutoZ data'!AL97 -> 56 | T38: ='AutoZ data'!M83 -> 53 | U38: ='AutoZ data'!M82 -> 64 | V38: ='AutoZ data'!M81 -> 57 | W38: ='AutoZ data'!M80 -> 58 | X38: ='AutoZ data'!M79 -> 56 | Y38: ='AutoZ data'!M78 -> 53 | Z38: ='AutoZ data'!M77 -> 54 | AA38: ='AutoZ data'!M76 -> 55 | AB38: ='AutoZ data'!M75 -> 62 | AC38: ='AutoZ data'!M74 -> 385 | AD38: ='AutoZ data'!M73 -> 53 | AE38: ='AutoZ data'!M72 -> 59 | AF38: ='AutoZ data'!M71 -> 53 | AG38: ='AutoZ data'!M70 -> 57 | AH38: ='AutoZ data'!M69 -> 74 | AI38: ='AutoZ data'!M68 -> 63 | AJ38: ='AutoZ data'!M67 -> 53 | AK38: ='AutoZ data'!M66 -> 1530 | AL38: bundle
B39: ='AutoZ data'!AL62 -> 66 | C39: ='AutoZ data'!AL63 -> 69 | D39: ='AutoZ data'!AL64 -> 65 | E39: ='AutoZ data'!AL65 -> 62 | F39: ='AutoZ data'!AL66 -> 1459 | G39: ='AutoZ data'!AL67 -> 61 | H39: ='AutoZ data'!AL68 -> 64 | I39: ='AutoZ data'!AL69 -> 56 | J39: ='AutoZ data'!AL70 -> 64 | K39: ='AutoZ data'!AL71 -> 56 | L39: ='AutoZ data'!AL72 -> 63 | M39: ='AutoZ data'!AL73 -> 59 | N39: ='AutoZ data'!AL74 -> 61 | O39: ='AutoZ data'!AL75 -> 54 | P39: ='AutoZ data'!AL76 -> 64 | Q39: ='AutoZ data'!AL77 -> 58 | R39: ='AutoZ data'!AL78 -> 65 | S39: ='AutoZ data'!AL79 -> 59 | T39: ='AutoZ data'!R5 -> 63 | U39: ='AutoZ data'!R4 -> 62 | V39: ='AutoZ data'!R3 -> 55 | W39: ='AutoZ data'!R2 -> 74 | X39: ='AutoZ data'!M97 -> 58 | Y39: ='AutoZ data'!M96 -> 57 | Z39: ='AutoZ data'!M95 -> 60 | AA39: ='AutoZ data'!M94 -> 58 | AB39: ='AutoZ data'!M93 -> 59 | AC39: ='AutoZ data'!M92 -> 58 | AD39: ='AutoZ data'!M91 -> 68 | AE39: ='AutoZ data'!M90 -> 58 | AF39: ='AutoZ data'!M89 -> 60 | AG39: ='AutoZ data'!M88 -> 60 | AH39: ='AutoZ data'!M87 -> 56 | AI39: ='AutoZ data'!M86 -> 61 | AJ39: ='AutoZ data'!M85 -> 59 | AK39: ='AutoZ data'!M84 -> 53 | AO39: =AK38 -> 1530 | AP39: =AC38 -> 385 | AQ39: =U38 -> 64 | AR39: =AE39 -> 58 | AS39: =W39 -> 74 | AT39: =AG40 -> 77 | AU39: =Y40 -> <= 50 | AV39: =AI41 -> 342 | AW39: A5 | BA39: =B37 -> 52 | BB39: =J37 -> 52 | BC39: =R37 -> 53 | BD39: =H36 -> 54 | BE39: =P36 -> 57 | BF39: =F35 -> 60 | BG39: =N35 -> 57 | BH39: =D34 -> 58 | BI39: A13
B40: ='AutoZ data'!AL44 -> 65 | C40: ='AutoZ data'!AL45 -> 64 | D40: ='AutoZ data'!AL46 -> 67 | E40: ='AutoZ data'!AL47 -> 68 | F40: ='AutoZ data'!AL48 -> 64 | G40: ='AutoZ data'!AL49 -> 62 | H40: ='AutoZ data'!AL50 -> 64 | I40: ='AutoZ data'!AL51 -> 65 | J40: ='AutoZ data'!AL52 -> 64 | K40: ='AutoZ data'!AL53 -> 70 | L40: ='AutoZ data'!AL54 -> 66 | M40: ='AutoZ data'!AL55 -> 66 | N40: ='AutoZ data'!AL56 -> 64 | O40: ='AutoZ data'!AL57 -> 66 | P40: ='AutoZ data'!AL58 -> 63 | Q40: ='AutoZ data'!AL59 -> 66 | R40: ='AutoZ data'!AL60 -> 66 | S40: ='AutoZ data'!AL61 -> 62 | T40: ='AutoZ data'!R23 -> <= 50 | U40: ='AutoZ data'!R22 -> 61 | V40: ='AutoZ data'!R21 -> 53 | W40: ='AutoZ data'!R20 -> 59 | X40: ='AutoZ data'!R19 -> <= 50 | Y40: ='AutoZ data'!R18 -> <= 50 | Z40: ='AutoZ data'!R17 -> 60 | AA40: ='AutoZ data'!R16 -> <= 50 | AB40: ='AutoZ data'!R15 -> 59 | AC40: ='AutoZ data'!R14 -> 56 | AD40: ='AutoZ data'!R13 -> 52 | AE40: ='AutoZ data'!R12 -> 62 | AF40: ='AutoZ data'!R11 -> 50 | AG40: ='AutoZ data'!R10 -> 77 | AH40: ='AutoZ data'!R9 -> 57 | AI40: ='AutoZ data'!R8 -> 58 | AJ40: ='AutoZ data'!R7 -> <= 50 | AK40: ='AutoZ data'!R6 -> 61 | AO40: =AJ38 -> 53 | AP40: =AB38 -> 62 | AQ40: =T38 -> 53 | AR40: =AD39 -> 68 | AS40: =V39 -> 55 | AT40: =AF40 -> 50 | AU40: =X40 -> <= 50 | AV40: =AH41 -> 58 | AW40: array ID: 1078-9 | BA40: =C37 -> 57 | BB40: =K37 -> 52 | BC40: =S37 -> 51 | BD40: =I36 -> 50 | BE40: =Q36 -> 58 | BF40: =G35 -> 56 | BG40: =O35 -> 55 | BH40: =E34 -> 58 | BI40: array ID: 1078-27
B41: ='AutoZ data'!AL26 -> 61 | C41: ='AutoZ data'!AL27 -> 55 | D41: ='AutoZ data'!AL28 -> 63 | E41: ='AutoZ data'!AL29 -> 52 | F41: ='AutoZ data'!AL30 -> 57 | G41: ='AutoZ data'!AL31 -> 51 | H41: ='AutoZ data'!AL32 -> 52 | I41: ='AutoZ data'!AL33 -> 54 | J41: ='AutoZ data'!AL34 -> 60 | K41: ='AutoZ data'!AL35 -> 64 | L41: ='AutoZ data'!AL36 -> 63 | M41: ='AutoZ data'!AL37 -> 65 | N41: ='AutoZ data'!AL38 -> 67 | O41: ='AutoZ data'!AL39 -> 63 | P41: ='AutoZ data'!AL40 -> 65 | Q41: ='AutoZ data'!AL41 -> 64 | R41: ='AutoZ data'!AL42 -> 63 | S41: ='AutoZ data'!AL43 -> 65 | T41: ='AutoZ data'!R41 -> 57 | U41: ='AutoZ data'!R40 -> 63 | V41: ='AutoZ data'!R39 -> 61 | W41: ='AutoZ data'!R38 -> 64 | X41: ='AutoZ data'!R37 -> 65 | Y41: ='AutoZ data'!R36 -> 193 | Z41: ='AutoZ data'!R35 -> <= 50 | AA41: ='AutoZ data'!R34 -> 75 | AB41: ='AutoZ data'!R33 -> 52 | AC41: ='AutoZ data'!R32 -> 56 | AD41: ='AutoZ data'!R31 -> 53 | AE41: ='AutoZ data'!R30 -> 59 | AF41: ='AutoZ data'!R29 -> <=50 | AG41: ='AutoZ data'!R28 -> 57 | AH41: ='AutoZ data'!R27 -> 58 | AI41: ='AutoZ data'!R26 -> 342 | AJ41: ='AutoZ data'!R25 -> 56 | AK41: ='AutoZ data'!R24 -> 62 | AO41: =AI38 -> 63 | AP41: =AA38 -> 55 | AQ41: =AK39 -> 53 | AR41: =AC39 -> 58 | AS41: =U39 -> 62 | AT41: =AE40 -> 62 | AU41: =W40 -> 59 | AV41: =AG41 -> 57 | BA41: =D37 -> 54 | BB41: =L37 -> 54 | BC41: =B36 -> 50 | BD41: =J36 -> 53 | BE41: =R36 -> 55 | BF41: =H35 -> 58 | BG41: =P35 -> 54 | BH41: =F34 -> 79
B42: ='AutoZ data'!AL8 -> 54 | C42: ='AutoZ data'!AL9 -> 55 | D42: ='AutoZ data'!AL10 -> 62 | E42: ='AutoZ data'!AL11 -> 53 | F42: ='AutoZ data'!AL12 -> 64 | G42: ='AutoZ data'!AL13 -> 52 | H42: ='AutoZ data'!AL14 -> 55 | I42: ='AutoZ data'!AL15 -> 59 | J42: ='AutoZ data'!AL16 -> 55 | K42: ='AutoZ data'!AL17 -> 57 | L42: ='AutoZ data'!AL18 -> 60 | M42: ='AutoZ data'!AL19 -> 58 | N42: ='AutoZ data'!AL20 -> 61 | O42: ='AutoZ data'!AL21 -> 53 | P42: ='AutoZ data'!AL22 -> 61 | Q42: ='AutoZ data'!AL23 -> <= 50 | R42: ='AutoZ data'!AL24 -> 61 | S42: ='AutoZ data'!AL25 -> 55 | T42: ='AutoZ data'!R59 -> 67 | U42: ='AutoZ data'!R58 -> 62 | V42: ='AutoZ data'!R57 -> 67 | W42: ='AutoZ data'!R56 -> 66 | X42: ='AutoZ data'!R55 -> 68 | Y42: ='AutoZ data'!R54 -> 67 | Z42: ='AutoZ data'!R53 -> 72 | AA42: ='AutoZ data'!R52 -> 63 | AB42: ='AutoZ data'!R51 -> 65 | AC42: ='AutoZ data'!R50 -> 63 | AD42: ='AutoZ data'!R49 -> 63 | AE42: ='AutoZ data'!R48 -> 64 | AF42: ='AutoZ data'!R47 -> 67 | AG42: ='AutoZ data'!R46 -> 68 | AH42: ='AutoZ data'!R45 -> 65 | AI42: ='AutoZ data'!R44 -> 66 | AJ42: ='AutoZ data'!R43 -> 64 | AK42: ='AutoZ data'!R42 -> 63 | AO42: =AH38 -> 74 | AP42: =Z38 -> 54 | AQ42: =AJ39 -> 59 | AR42: =AB39 -> 59 | AS42: =T39 -> 63 | AT42: =AD40 -> 52 | AU42: =V40 -> 53 | AV42: =AF41 -> <=50 | BA42: =E37 -> 66 | BB42: =M37 -> <= 50 | BC42: =C36 -> 52 | BD42: =K36 -> 52 | BE42: =S36 -> 57 | BF42: =I35 -> 54 | BG42: =Q35 -> 58 | BH42: =G34 -> 5373
B43: ='AutoZ data'!AG86 -> 65 | C43: ='AutoZ data'!AG87 -> 61 | D43: ='AutoZ data'!AG88 -> 62 | E43: ='AutoZ data'!AG89 -> 61 | F43: ='AutoZ data'!AG90 -> 64 | G43: ='AutoZ data'!AG91 -> 60 | H43: ='AutoZ data'!AG92 -> 65 | I43: ='AutoZ data'!AG93 -> 63 | J43: ='AutoZ data'!AG94 -> 61 | K43: ='AutoZ data'!AG95 -> 62 | L43: ='AutoZ data'!AG96 -> 7564 | M43: ='AutoZ data'!AG97 -> 56 | N43: ='AutoZ data'!AL2 -> 60 | O43: ='AutoZ data'!AL3 -> 62 | P43: ='AutoZ data'!AL4 -> 63 | Q43: ='AutoZ data'!AL5 -> 64 | R43: ='AutoZ data'!AL6 -> 61 | S43: ='AutoZ data'!AL7 -> <= 50 | T43: ='AutoZ data'!R77 -> 57 | U43: ='AutoZ data'!R76 -> 65 | V43: ='AutoZ data'!R75 -> 54 | W43: ='AutoZ data'!R74 -> 63 | X43: ='AutoZ data'!R73 -> 55 | Y43: ='AutoZ data'!R72 -> 65 | Z43: ='AutoZ data'!R71 -> 55 | AA43: ='AutoZ data'!R70 -> 65 | AB43: ='AutoZ data'!R69 -> 57 | AC43: ='AutoZ data'!R68 -> 66 | AD43: ='AutoZ data'!R67 -> 64 | AE43: ='AutoZ data'!R66 -> 6368 | AF43: ='AutoZ data'!R65 -> 63 | AG43: ='AutoZ data'!R64 -> 65 | AH43: ='AutoZ data'!R63 -> 70 | AI43: ='AutoZ data'!R62 -> 67 | AJ43: ='AutoZ data'!R61 -> 63 | AK43: ='AutoZ data'!R60 -> 66 | AO43: =AG38 -> 57 | AP43: =Y38 -> 53 | AQ43: =AI39 -> 61 | AR43: =AA39 -> 58 | AS43: =AK40 -> 61 | AT43: =AC40 -> 56 | AU43: =U40 -> 61 | AV43: =AE41 -> 59 | BA43: =F37 -> 61 | BB43: =N37 -> <= 50 | BC43: =D36 -> 52 | BD43: =L36 -> <= 50 | BE43: =B35 -> 59 | BF43: =J35 -> 60 | BG43: =R35 -> 57 | BH43: =H34 -> 54
B44: ='AutoZ data'!AG68 -> 65 | C44: ='AutoZ data'!AG69 -> 58 | D44: ='AutoZ data'!AG70 -> 64 | E44: ='AutoZ data'!AG71 -> 55 | F44: ='AutoZ data'!AG72 -> 60 | G44: ='AutoZ data'!AG73 -> 70 | H44: ='AutoZ data'!AG74 -> 63 | I44: ='AutoZ data'!AG75 -> 56 | J44: ='AutoZ data'!AG76 -> 65 | K44: ='AutoZ data'!AG77 -> 60 | L44: ='AutoZ data'!AG78 -> 66 | M44: ='AutoZ data'!AG79 -> 60 | N44: ='AutoZ data'!AG80 -> 63 | O44: ='AutoZ data'!AG81 -> 55 | P44: ='AutoZ data'!AG82 -> 62 | Q44: ='AutoZ data'!AG83 -> 64 | R44: ='AutoZ data'!AG84 -> 62 | S44: ='AutoZ data'!AG85 -> 63 | T44: ='AutoZ data'!R95 -> 61 | U44: ='AutoZ data'!R94 -> 54 | V44: ='AutoZ data'!R93 -> 61 | W44: ='AutoZ data'!R92 -> 63 | X44: ='AutoZ data'!R91 -> 57 | Y44: ='AutoZ data'!R90 -> 141 | Z44: ='AutoZ data'!R89 -> 59 | AA44: ='AutoZ data'!R88 -> 60 | AB44: ='AutoZ data'!R87 -> 62 | AC44: ='AutoZ data'!R86 -> 64 | AD44: ='AutoZ data'!R85 -> 61 | AE44: ='AutoZ data'!R84 -> 62 | AF44: ='AutoZ data'!R83 -> 63 | AG44: ='AutoZ data'!R82 -> 57 | AH44: ='AutoZ data'!R81 -> 507 | AI44: ='AutoZ data'!R80 -> 56 | AJ44: ='AutoZ data'!R79 -> 60 | AK44: ='AutoZ data'!R78 -> 66 | AO44: =AF38 -> 53 | AP44: =X38 -> 56 | AQ44: =AH39 -> 56 | AR44: =Z39 -> 60 | AS44: =AJ40 -> <= 50 | AT44: =AB40 -> 59 | AU44: =T40 -> <= 50 | AV44: =AD41 -> 53 | BA44: =G37 -> <= 50 | BB44: =O37 -> 79 | BC44: =E36 -> <= 50 | BD44: =M36 -> 51 | BE44: =C35 -> 55 | BF44: =K35 -> 58 | BG44: =S35 -> 56 | BH44: =I34 -> 58
C45: ='AutoZ data'!AG51 -> 64 | D45: ='AutoZ data'!AG52 -> 62 | E45: ='AutoZ data'!AG53 -> 69 | F45: ='AutoZ data'!AG54 -> 66 | G45: ='AutoZ data'!AG55 -> 66 | H45: ='AutoZ data'!AG56 -> 64 | I45: ='AutoZ data'!AG57 -> 65 | J45: ='AutoZ data'!AG58 -> 60 | K45: ='AutoZ data'!AG59 -> 54 | L45: ='AutoZ data'!AG60 -> 69 | M45: ='AutoZ data'!AG61 -> 76 | N45: ='AutoZ data'!AG62 -> 57 | O45: ='AutoZ data'!AG63 -> 65 | P45: ='AutoZ data'!AG64 -> 65 | Q45: ='AutoZ data'!AG65 -> 191 | R45: ='AutoZ data'!AG66 -> 3028 | S45: ='AutoZ data'!AG67 -> 62 | T45: ='AutoZ data'!W16 -> 51 | U45: ='AutoZ data'!W15 -> 57 | V45: ='AutoZ data'!W14 -> 55 | W45: ='AutoZ data'!W13 -> <= 50 | X45: ='AutoZ data'!W12 -> 64 | Y45: ='AutoZ data'!W11 -> 52 | Z45: ='AutoZ data'!W10 -> 62 | AA45: ='AutoZ data'!W9 -> 57 | AB45: ='AutoZ data'!W8 -> <= 50 | AC45: ='AutoZ data'!W7 -> <= 50 | AD45: ='AutoZ data'!W6 -> 56 | AE45: ='AutoZ data'!W5 -> 60 | AF45: ='AutoZ data'!W4 -> 57 | AG45: ='AutoZ data'!W3 -> 61 | AH45: ='AutoZ data'!W2 -> 59 | AI45: ='AutoZ data'!R97 -> <= 50 | AJ45: ='AutoZ data'!R96 -> 52 | AO45: =AE38 -> 59 | AP45: =W38 -> 58 | AQ45: =AG39 -> 60 | AR45: =Y39 -> 57 | AS45: =AI40 -> 58 | AT45: =AA40 -> <= 50 | AU45: =AK41 -> 62 | AV45: =AC41 -> 56 | BA45: =H37 -> 51 | BB45: =P37 -> 52 | BC45: =F36 -> 142 | BD45: =N36 -> <= 50 | BE45: =D35 -> 57 | BF45: =L35 -> 57 | BG45: =B34 -> 56 | BH45: =J34 -> 64
D46: ='AutoZ data'!AG35 -> 64 | E46: ='AutoZ data'!AG36 -> 64 | F46: ='AutoZ data'!AG37 -> 65 | G46: ='AutoZ data'!AG38 -> 66 | H46: ='AutoZ data'!AG39 -> 63 | I46: ='AutoZ data'!AG40 -> 60 | J46: ='AutoZ data'!AG41 -> 65 | K46: ='AutoZ data'!AG42 -> 55 | L46: ='AutoZ data'!AG43 -> 64 | M46: ='AutoZ data'!AG44 -> 64 | N46: ='AutoZ data'!AG45 -> 62 | O46: ='AutoZ data'!AG46 -> 67 | P46: ='AutoZ data'!AG47 -> 67 | Q46: ='AutoZ data'!AG48 -> 65 | R46: ='AutoZ data'!AG49 -> 64 | S46: ='AutoZ data'!AG50 -> 60 | T46: ='AutoZ data'!W32 -> 6905 | U46: ='AutoZ data'!W31 -> <= 50 | V46: ='AutoZ data'!W30 -> 56 | W46: ='AutoZ data'!W29 -> 52 | X46: ='AutoZ data'!W28 -> 61 | Y46: ='AutoZ data'!W27 -> 8317 | Z46: ='AutoZ data'!W26 -> 62 | AA46: ='AutoZ data'!W25 -> 58 | AB46: ='AutoZ data'!W24 -> 54 | AC46: ='AutoZ data'!W23 -> <= 50 | AD46: ='AutoZ data'!W22 -> 60 | AE46: ='AutoZ data'!W21 -> 52 | AF46: ='AutoZ data'!W20 -> 59 | AG46: ='AutoZ data'!W19 -> 57 | AH46: ='AutoZ data'!W18 -> 62 | AI46: ='AutoZ data'!W17 -> 114 | AO46: =AD38 -> 53 | AP46: =V38 -> 57 | AQ46: =AF39 -> 60 | AR46: =X39 -> 58 | AS46: =AH40 -> 57 | AT46: =Z40 -> 60 | AU46: =AJ41 -> 56 | AV46: =AB41 -> 52 | BA46: =I37 -> 70 | BB46: =Q37 -> 57 | BC46: =G36 -> 54 | BD46: =O36 -> 56 | BE46: =E35 -> 56 | BF46: =M35 -> 55 | BG46: =C34 -> 60 | BH46: =K34 -> 61
E47: ='AutoZ data'!AG20 -> 58 | F47: ='AutoZ data'!AG21 -> 52 | G47: ='AutoZ data'!AG22 -> 58 | H47: ='AutoZ data'!AG23 -> <= 50 | I47: ='AutoZ data'!AG24 -> 55 | J47: ='AutoZ data'!AG25 -> 62 | K47: ='AutoZ data'!AG26 -> 62 | L47: ='AutoZ data'!AG27 -> 56 | M47: ='AutoZ data'!AG28 -> 63 | N47: ='AutoZ data'!AG29 -> 52 | O47: ='AutoZ data'!AG30 -> 59 | P47: ='AutoZ data'!AG31 -> 53 | Q47: ='AutoZ data'!AG32 -> 56 | R47: ='AutoZ data'!AG33 -> 55 | S47: ='AutoZ data'!AG34 -> 59 | T47: ='AutoZ data'!W47 -> 65 | U47: ='AutoZ data'!W46 -> 66 | V47: ='AutoZ data'!W45 -> 63 | W47: ='AutoZ data'!W44 -> 64 | X47: ='AutoZ data'!W43 -> 65 | Y47: ='AutoZ data'!W42 -> 64 | Z47: ='AutoZ data'!W41 -> 55 | AA47: ='AutoZ data'!W40 -> 56 | AB47: ='AutoZ data'!W39 -> 62 | AC47: ='AutoZ data'!W38 -> 66 | AD47: ='AutoZ data'!W37 -> 65 | AE47: ='AutoZ data'!W36 -> 65 | AF47: ='AutoZ data'!W35 -> 65 | AG47: ='AutoZ data'!W34 -> 61 | AH47: ='AutoZ data'!W33 -> 64
F48: ='AutoZ data'!AG6 -> 114 | G48: ='AutoZ data'!AG7 -> <= 50 | H48: ='AutoZ data'!AG8 -> <= 50 | I48: ='AutoZ data'!AG9 -> 65 | J48: ='AutoZ data'!AG10 -> 59 | K48: ='AutoZ data'!AG11 -> 52 | L48: ='AutoZ data'!AG12 -> 59 | M48: ='AutoZ data'!AG13 -> 51 | N48: ='AutoZ data'!AG14 -> 54 | O48: ='AutoZ data'!AG15 -> 60 | P48: ='AutoZ data'!AG16 -> 50 | Q48: ='AutoZ data'!AG17 -> 58 | R48: ='AutoZ data'!AG18 -> 57 | S48: ='AutoZ data'!AG19 -> 55 | T48: ='AutoZ data'!W61 -> 61 | U48: ='AutoZ data'!W60 -> 66 | V48: ='AutoZ data'!W59 -> 66 | W48: ='AutoZ data'!W58 -> 64 | X48: ='AutoZ data'!W57 -> 60 | Y48: ='AutoZ data'!W56 -> 60 | Z48: ='AutoZ data'!W55 -> 65 | AA48: ='AutoZ data'!W54 -> 65 | AB48: ='AutoZ data'!W53 -> 70 | AC48: ='AutoZ data'!W52 -> 64 | AD48: ='AutoZ data'!W51 -> 65 | AE48: ='AutoZ data'!W50 -> 65 | AF48: ='AutoZ data'!W49 -> 65 | AG48: ='AutoZ data'!W48 -> 61 | AO48: =AA41 -> 75 | AP48: =AK42 -> 63 | AQ48: =AC42 -> 63 | AR48: =U42 -> 62 | AS48: =AE43 -> 6368 | AT48: =W43 -> 63 | AU48: =AG44 -> 57 | AV48: =Y44 -> 141 | AW48: A6 | BA48: =L34 -> 2246 | BB48: =B33 -> 54 | BC48: =J33 -> 52 | BD48: =R33 -> 54 | BE48: =H32 -> <= 50 | BF48: =P32 -> <= 50 | BG48: =F31 -> <= 50 | BH48: =N31 -> <= 50 | BI48: A14
G49: ='AutoZ data'!AB89 -> <= 50 | H49: ='AutoZ data'!AB90 -> <= 50 | I49: ='AutoZ data'!AB91 -> 54 | J49: ='AutoZ data'!AB92 -> 57 | K49: ='AutoZ data'!AB93 -> 57 | L49: ='AutoZ data'!AB94 -> 57 | M49: ='AutoZ data'!AB95 -> 57 | N49: ='AutoZ data'!AB96 -> 52 | O49: ='AutoZ data'!AB97 -> 53 | P49: ='AutoZ data'!AG2 -> 57 | Q49: ='AutoZ data'!AG3 -> 60 | R49: ='AutoZ data'!AG4 -> 60 | S49: ='AutoZ data'!AG5 -> 66 | T49: ='AutoZ data'!W74 -> 63 | U49: ='AutoZ data'!W73 -> 60 | V49: ='AutoZ data'!W72 -> 64 | W49: ='AutoZ data'!W71 -> 57 | X49: ='AutoZ data'!W70 -> 65 | Y49: ='AutoZ data'!W69 -> 58 | Z49: ='AutoZ data'!W68 -> 65 | AA49: ='AutoZ data'!W67 -> 62 | AB49: ='AutoZ data'!W66 -> 1570 | AC49: ='AutoZ data'!W65 -> 58 | AD49: ='AutoZ data'!W64 -> 63 | AE49: ='AutoZ data'!W63 -> 67 | AF49: ='AutoZ data'!W62 -> 65 | AO49: =Z41 -> <= 50 | AP49: =AJ42 -> 64 | AQ49: =AB42 -> 65 | AR49: =T42 -> 67 | AS49: =AD43 -> 64 | AT49: =V43 -> 54 | AU49: =AF44 -> 63 | AV49: =X44 -> 57 | AW49: array ID: 1078-12 | BA49: =M34 -> 3849 | BB49: =C33 -> 51 | BC49: =K33 -> 56 | BD49: =S33 -> 55 | BE49: =I32 -> 53 | BF49: =Q32 -> <= 50 | BG49: =G31 -> <= 50 | BH49: =O31 -> <= 50 | BI49: array ID: 1078-28
H50: ='AutoZ data'!AB77 -> 55 | I50: ='AutoZ data'!AB78 -> 60 | J50: ='AutoZ data'!AB79 -> 56 | K50: ='AutoZ data'!AB80 -> 53 | L50: ='AutoZ data'!AB81 -> 55 | M50: ='AutoZ data'!AB82 -> <= 50 | N50: ='AutoZ data'!AB83 -> 53 | O50: ='AutoZ data'!AB84 -> <= 50 | P50: ='AutoZ data'!AB85 -> 57 | Q50: ='AutoZ data'!AB86 -> 57 | R50: ='AutoZ data'!AB87 -> 57 | S50: ='AutoZ data'!AB88 -> 57 | T50: ='AutoZ data'!W86 -> 65 | U50: ='AutoZ data'!W85 -> 62 | V50: ='AutoZ data'!W84 -> 61 | W50: ='AutoZ data'!W83 -> 63 | X50: ='AutoZ data'!W82 -> 61 | Y50: ='AutoZ data'!W81 -> 61 | Z50: ='AutoZ data'!W80 -> 65 | AA50: ='AutoZ data'!W79 -> 60 | AB50: ='AutoZ data'!W78 -> 66 | AC50: ='AutoZ data'!W77 -> 58 | AD50: ='AutoZ data'!W76 -> 64 | AE50: ='AutoZ data'!W75 -> 55 | AO50: =Y41 -> 193 | AP50: =AI42 -> 66 | AQ50: =AA42 -> 63 | AR50: =AK43 -> 66 | AS50: =AC43 -> 66 | AT50: =U43 -> 65 | AU50: =AE44 -> 62 | AV50: =W44 -> 63 | BA50: =N34 -> 57 | BB50: =D33 -> 57 | BC50: =L33 -> 53 | BD50: =B32 -> 57 | BE50: =J32 -> 50 | BF50: =R32 -> 51 | BG50: =H31 -> <= 50 | BH50: =P31 -> 52
I51: ='AutoZ data'!AB66 -> 3041 | J51: ='AutoZ data'!AB67 -> 64 | K51: ='AutoZ data'!AB68 -> 53 | L51: ='AutoZ data'!AB69 -> 51 | M51: ='AutoZ data'!AB70 -> <= 50 | N51: ='AutoZ data'!AB71 -> 53 | O51: ='AutoZ data'!AB72 -> 52 | P51: ='AutoZ data'!AB73 -> 51 | Q51: ='AutoZ data'!AB74 -> 54 | R51: ='AutoZ data'!AB75 -> 63 | S51: ='AutoZ data'!AB76 -> 55 | T51: ='AutoZ data'!W97 -> 61 | U51: ='AutoZ data'!W96 -> 61 | V51: ='AutoZ data'!W95 -> 62 | W51: ='AutoZ data'!W94 -> 63 | X51: ='AutoZ data'!W93 -> 65 | Y51: ='AutoZ data'!W92 -> 65 | Z51: ='AutoZ data'!W91 -> 59 | AA51: ='AutoZ data'!W90 -> 63 | AB51: ='AutoZ data'!W89 -> 64 | AC51: ='AutoZ data'!W88 -> 64 | AD51: ='AutoZ data'!W87 -> 62 | AO51: =X41 -> 65 | AP51: =AH42 -> 65 | AQ51: =Z42 -> 72 | AR51: =AJ43 -> 63 | AS51: =AB43 -> 57 | AT51: =T43 -> 57 | AU51: =AD44 -> 61 | AV51: =V44 -> 61 | BA51: =O34 -> <=50 | BB51: =E33 -> 54 | BC51: =M33 -> 56 | BD51: =C32 -> 56 | BE51: =K32 -> 61 | BF51: =S32 -> <= 50 | BG51: =I31 -> <= 50 | BH51: =Q31 -> <= 50
J52: ='AutoZ data'!AB56 -> 60 | K52: ='AutoZ data'!AB57 -> 66 | L52: ='AutoZ data'!AB58 -> 58 | M52: ='AutoZ data'!AB59 -> 52 | N52: ='AutoZ data'!AB60 -> 57 | O52: ='AutoZ data'!AB61 -> 52 | P52: ='AutoZ data'!AB62 -> 58 | Q52: ='AutoZ data'!AB63 -> 62 | R52: ='AutoZ data'!AB64 -> 64 | S52: ='AutoZ data'!AB65 -> 72 | T52: ='AutoZ data'!AB11 -> 52 | U52: ='AutoZ data'!AB10 -> 61 | V52: ='AutoZ data'!AB9 -> 57 | W52: ='AutoZ data'!AB8 -> 55 | X52: ='AutoZ data'!AB7 -> <= 50 | Y52: ='AutoZ data'!AB6 -> 59 | Z52: ='AutoZ data'!AB5 -> 79 | AA52: ='AutoZ data'!AB4 -> 61 | AB52: ='AutoZ data'!AB3 -> 61 | AC52: ='AutoZ data'!AB2 -> 58 | AO52: =W41 -> 64 | AP52: =AG42 -> 68 | AQ52: =Y42 -> 67 | AR52: =AI43 -> 67 | AS52: =AA43 -> 65 | AT52: =AK44 -> 66 | AU52: =AC44 -> 64 | AV52: =U44 -> 54 | BA52: =P34 -> 54 | BB52: =F33 -> 57 | BC52: =N33 -> 57 | BD52: =D32 -> 56 | BE52: =L32 -> 52 | BF52: =B31 -> <= 50 | BG52: =J31 -> 51 | BH52: =R31 -> <= 50
K53: ='AutoZ data'!AB47 -> 61 | L53: ='AutoZ data'!AB48 -> 58 | M53: ='AutoZ data'!AB49 -> 54 | N53: ='AutoZ data'!AB50 -> 161 | O53: ='AutoZ data'!AB51 -> 57 | P53: ='AutoZ data'!AB52 -> 57 | Q53: ='AutoZ data'!AB53 -> 62 | R53: ='AutoZ data'!AB54 -> 61 | S53: ='AutoZ data'!AB55 -> 60 | T53: ='AutoZ data'!AB20 -> 59 | U53: ='AutoZ data'!AB19 -> 56 | V53: ='AutoZ data'!AB18 -> 59 | W53: ='AutoZ data'!AB17 -> 58 | X53: ='AutoZ data'!AB16 -> 55 | Y53: ='AutoZ data'!AB15 -> 58 | Z53: ='AutoZ data'!AB14 -> 54 | AA53: ='AutoZ data'!AB13 -> 51 | AB53: ='AutoZ data'!AB12 -> 63 | AO53: =V41 -> 61 | AP53: =AF42 -> 67 | AQ53: =X42 -> 68 | AR53: =AH43 -> 70 | AS53: =Z43 -> 55 | AT53: =AJ44 -> 60 | AU53: =AB44 -> 62 | AV53: =T44 -> 61 | BA53: =Q34 -> 53 | BB53: =G33 -> 53 | BC53: =O33 -> 54 | BD53: =E32 -> 58 | BE53: =M32 -> <= 50 | BF53: =C31 -> 56 | BG53: =K31 -> <= 50 | BH53: =S31 -> <= 50
L54: ='AutoZ data'!AB39 -> 59 | M54: ='AutoZ data'!AB40 -> 61 | N54: ='AutoZ data'!AB41 -> 57 | O54: ='AutoZ data'!AB42 -> 59 | P54: ='AutoZ data'!AB43 -> 59 | Q54: ='AutoZ data'!AB44 -> 61 | R54: ='AutoZ data'!AB45 -> 58 | S54: ='AutoZ data'!AB46 -> 63 | T54: ='AutoZ data'!AB28 -> 62 | U54: ='AutoZ data'!AB27 -> 55 | V54: ='AutoZ data'!AB26 -> 61 | W54: ='AutoZ data'!AB25 -> 57 | X54: ='AutoZ data'!AB24 -> 61 | Y54: ='AutoZ data'!AB23 -> <= 50 | Z54: ='AutoZ data'!AB22 -> 60 | AA54: ='AutoZ data'!AB21 -> 53 | AO54: =U41 -> 63 | AP54: =AE42 -> 64 | AQ54: =W42 -> 66 | AR54: =AG43 -> 65 | AS54: =Y43 -> 65 | AT54: =AI44 -> 56 | AU54: =AA44 -> 60 | AV54: =AJ45 -> 52 | BA54: =R34 -> 3293 | BB54: =H33 -> 56 | BC54: =P33 -> 53 | BD54: =F32 -> 54 | BE54: =N32 -> 122 | BF54: =D31 -> <= 50 | BG54: =L31 -> <= 50 | BH54: =C30 -> <= 50
M55: ='AutoZ data'!AB34 -> 56 | N55: ='AutoZ data'!AB35 -> 61 | O55: ='AutoZ data'!AB36 -> 60 | P55: ='AutoZ data'!AB37 -> 62 | Q55: ='AutoZ data'!AB38 -> 64 | R55: R 5 | S55: R 6 | T55: R 4 | U55: R 3 | V55: ='AutoZ data'!AB33 -> 54 | W55: ='AutoZ data'!AB32 -> 56 | X55: ='AutoZ data'!AB31 -> 53 | Y55: ='AutoZ data'!AB30 -> 58 | Z55: ='AutoZ data'!AB29 -> 52 | AO55: =T41 -> 57 | AP55: =AD42 -> 63 | AQ55: =V42 -> 67 | AR55: =AF43 -> 63 | AS55: =X43 -> 55 | AT55: =AH44 -> 507 | AU55: =Z44 -> 59 | AV55: =AI45 -> <= 50 | BA55: =S34 -> 51 | BB55: =I33 -> 54 | BC55: =Q33 -> 54 | BD55: =G32 -> 55 | BE55: =O32 -> 56 | BF55: =E31 -> 54 | BG55: =M31 -> 51 | BH55: =D30 -> 56
C57: NOTE: Impedance values shown as <= are below the | AO57: =AH45 -> 59 | AP57: =Z45 -> 62 | AQ57: =AH46 -> 62 | AR57: =Z46 -> 62 | AS57: =AG47 -> 61 | AT57: =Y47 -> 64 | AU57: =AE48 -> 65 | AV57: =W48 -> 64 | AW57: A7 | BA57: =E30 -> 52 | BB57: =M30 -> 55 | BC57: =E29 -> 53 | BD57: =M29 -> 61 | BE57: =F28 -> 1833 | BF57: =N28 -> <= 50 | BG57: =H27 -> <= 50 | BH57: =P27 -> <= 50 | BI57: A15
C58: detection limits of the Patient Cable impedance tester | AO58: =AG45 -> 61 | AP58: =Y45 -> 52 | AQ58: =AG46 -> 57 | AR58: =Y46 -> 8317 | AS58: =AF47 -> 65 | AT58: =X47 -> 65 | AU58: =AD48 -> 65 | AV58: =V48 -> 66 | AW58: array ID: 1078-14 | BA58: =F30 -> 55 | BB58: =N30 -> 52 | BC58: =F29 -> 72 | BD58: =N29 -> 57 | BE58: =G28 -> 54 | BF58: =O28 -> 53 | BG58: =I27 -> <= 50 | BH58: =Q27 -> 54 | BI58: array ID: 1078-29
AO59: =AF45 -> 57 | AP59: =X45 -> 64 | AQ59: =AF46 -> 59 | AR59: =X46 -> 61 | AS59: =AE47 -> 65 | AT59: =W47 -> 64 | AU59: =AC48 -> 64 | AV59: =U48 -> 66 | BA59: =G30 -> 54 | BB59: =O30 -> 56 | BC59: =G29 -> 50 | BD59: =O29 -> 56 | BE59: =H28 -> 51 | BF59: =P28 -> 50 | BG59: =J27 -> <= 50 | BH59: =R27 -> <= 50
AO60: =AE45 -> 60 | AP60: =W45 -> <= 50 | AQ60: =AE46 -> 52 | AR60: =W46 -> 52 | AS60: =AD47 -> 65 | AT60: =V47 -> 63 | AU60: =AB48 -> 70 | AV60: =T48 -> 61 | BA60: =H30 -> 53 | BB60: =P30 -> <= 50 | BC60: =H29 -> 54 | BD60: =P29 -> 51 | BE60: =I28 -> <= 50 | BF60: =Q28 -> 50 | BG60: =K27 -> 51 | BH60: =S27 -> 50
AO61: =AD45 -> 56 | AP61: =V45 -> 55 | AQ61: =AD46 -> 60 | AR61: =V46 -> 56 | AS61: =AC47 -> 66 | AT61: =U47 -> 66 | AU61: =AA48 -> 65 | AV61: =AF49 -> 65 | BA61: =I30 -> 55 | BB61: =Q30 -> 58 | BC61: =I29 -> 54 | BD61: =Q29 -> 53 | BE61: =J28 -> 50 | BF61: =R28 -> 52 | BG61: =L27 -> 51 | BH61: =G26 -> 50
AO62: =AC45 -> <= 50 | AP62: =U45 -> 57 | AQ62: =AC46 -> <= 50 | AR62: =U46 -> <= 50 | AS62: =AB47 -> 62 | AT62: =T47 -> 65 | AU62: =Z48 -> 65 | AV62: =AE49 -> 67 | BA62: =J30 -> 52 | BB62: =R30 -> 53 | BC62: =J29 -> 53 | BD62: =R29 -> 56 | BE62: =K28 -> <= 50 | BF62: =S28 -> <= 50 | BG62: =M27 -> 50 | BH62: =H26 -> 54
AO63: =AB45 -> <= 50 | AP63: =T45 -> 51 | AQ63: =AB46 -> 54 | AR63: =T46 -> 6905 | AS63: =AA47 -> 56 | AT63: =AG48 -> 61 | AU63: =Y48 -> 60 | AV63: =AD49 -> 63 | BA63: =K30 -> 56 | BB63: =S30 -> 55 | BC63: =K29 -> 54 | BD63: =S29 -> 61 | BE63: =L28 -> 51 | BF63: =F27 -> 52 | BG63: =N27 -> 50 | BH63: =I26 -> 50
AO64: =AA45 -> 57 | AP64: =AI46 -> 114 | AQ64: =AA46 -> 58 | AR64: =AH47 -> 64 | AS64: =Z47 -> 55 | AT64: =AF48 -> 65 | AU64: =X48 -> 60 | AV64: =AC49 -> 58 | BA64: =L30 -> 54 | BB64: =D29 -> 54 | BC64: =L29 -> 57 | BD64: =E28 -> 58 | BE64: =M28 -> <= 50 | BF64: =G27 -> 52 | BG64: =O27 -> 51 | BH64: =J26 -> 51
AO66: =AB49 -> 1570 | AP66: =T49 -> 63 | AQ66: =X50 -> 61 | AR66: =AA51 -> 63 | AS66: =AC52 -> 58 | AT66: =U52 -> 61 | AU66: =V53 -> 59 | AV66: =V54 -> 61 | AW66: A8 | BA66: =K26 -> <= 50 | BB66: =S26 -> 59 | BC66: =O25 -> 59 | BD66: =L24 -> 61 | BE66: =J23 -> 60 | BF66: =R23 -> 63 | BG66: =Q22 -> 64 | BH66: =Q21 -> 59 | BI66: A16
AO67: =AA49 -> 62 | AP67: =AE50 -> 55 | AQ67: =W50 -> 63 | AR67: =Z51 -> 59 | AS67: =AB52 -> 61 | AT67: =T52 -> 52 | AU67: =U53 -> 56 | AV67: =U54 -> 55 | AW67: array ID: 1078-17 | BA67: =L26 -> 59 | BB67: =H25 -> 51 | BC67: =P25 -> 56 | BD67: =M24 -> 55 | BE67: =K23 -> 65 | BF67: =S23 -> 64 | BG67: =R22 -> 64 | BH67: =R21 -> 64 | BI67: array ID: 1078-30
AO68: =Z49 -> 65 | AP68: =AD50 -> 64 | AQ68: =V50 -> 61 | AR68: =Y51 -> 65 | AS68: =AA52 -> 61 | AT68: =AB53 -> 63 | AU68: =T53 -> 59 | AV68: =T54 -> 62 | BA68: =M26 -> 60 | BB68: =I25 -> 62 | BC68: =Q25 -> 60 | BD68: =N24 -> 62 | BE68: =L23 -> 64 | BF68: =K22 -> 64 | BG68: =S22 -> 62 | BH68: =S21 -> 65
AO69: =Y49 -> 58 | AP69: =AC50 -> 58 | AQ69: =U50 -> 62 | AR69: =X51 -> 65 | AS69: =Z52 -> 79 | AT69: =AA53 -> 51 | AU69: =AA54 -> 53 | AV69: =Z55 -> 52 | BA69: =N26 -> 61 | BB69: =J25 -> 51 | BC69: =R25 -> 54 | BD69: =O24 -> 51 | BE69: =M23 -> 65 | BF69: =L22 -> 62 | BG69: =L21 -> 70 | BH69: =M20 -> 60
AO70: =X49 -> 65 | AP70: =AB50 -> 66 | AQ70: =T50 -> 65 | AR70: =W51 -> 63 | AS70: =Y52 -> 59 | AT70: =Z53 -> 54 | AU70: =Z54 -> 60 | AV70: =Y55 -> 58 | BA70: =O26 -> 75 | BB70: =K25 -> 55 | BC70: =S25 -> 63 | BD70: =P24 -> 59 | BE70: =N23 -> 66 | BF70: =M22 -> 66 | BG70: =M21 -> 65 | BH70: =N20 -> 63
AO71: =W49 -> 57 | AP71: =AA50 -> 60 | AQ71: =AD51 -> 62 | AR71: =V51 -> 62 | AS71: =X52 -> <= 50 | AT71: =Y53 -> 58 | AU71: =Y54 -> <= 50 | AV71: =X55 -> 53 | BA71: =P26 -> <= 50 | BB71: =L25 -> 61 | BC71: =I24 -> <= 50 | BD71: =Q24 -> 53 | BE71: =O23 -> 63 | BF71: =N22 -> 66 | BG71: =N21 -> 65 | BH71: =O20 -> 66
AO72: =V49 -> 64 | AP72: =Z50 -> 65 | AQ72: =AC51 -> 64 | AR72: =U51 -> 61 | AS72: =W52 -> 55 | AT72: =X53 -> 55 | AU72: =X54 -> 61 | AV72: =W55 -> 56 | BA72: =Q26 -> 390 | BB72: =M25 -> 58 | BC72: =J24 -> 63 | BD72: =R24 -> 56 | BE72: =P23 -> 65 | BF72: =O22 -> 63 | BG72: =O21 -> 63 | BH72: =P20 -> 62
AO73: =U49 -> 60 | AP73: =Y50 -> 61 | AQ73: =AB51 -> 64 | AR73: =T51 -> 61 | AS73: =V52 -> 57 | AT73: =W53 -> 58 | AU73: =W54 -> 57 | AV73: =V55 -> 54 | BA73: =R26 -> 57 | BB73: =N25 -> 58 | BC73: =K24 -> 57 | BD73: =S24 -> 53 | BE73: =Q23 -> 64 | BF73: =P22 -> 63 | BG73: =P21 -> 66 | BH73: =Q20 -> 58

Sheet AutoZ data
A1: Table1 1-96 J1-J2-J3 | B1: NSP channel # | C1: Input Auto Z here | D1: Array Elec# | F1: Table2 97-192 J4-J5-J6 | G1: NSP channel # | H1: Input Auto Z here | I1: Array Elec# | K1: Table3 193-288 J7-J8-J9 | L1: NSP channel # | M1: Input Auto Z here | N1: Array Elec# | P1: Table4 289-384 J10-J11-J12 | Q1: NSP channel # | R1: Input Auto Z here | S1: Array Elec# | U1: Table5 385-480 J13-J14-J15 | V1: NSP channel # | W1: Input Auto Z here | X1: Array Elec# | Z1: Table6 481-576 J16-J17-J18 | AA1: NSP channel # | AB1: Input Auto Z here | AC1: Array Elec# | AE1: Table7 577-672 J19-J20-J21 | AF1: NSP channel # | AG1: Input Auto Z here | AH1: Array Elec# | AJ1: Table8 673-768 J22-J23-J24 | AK1: NSP channel # | AL1: Input Auto Z here | AM1: Array Elec# | AO1: Table9 769-864 J25-J26-J27 | AP1: NSP channel # | AQ1: Input Auto Z here | AR1: Array Elec# | AT1: Table10 865-960 J28-J29-J30 | AU1: NSP channel # | AV1: Input Auto Z here | AW1: Array Elec# | AY1: Table11 961-1024 J31-J32 | AZ1: NSP channel # | BA1: Input Auto Z here | BB1: Array Elec#
B2: chan1 | C2: 562 | D2: 1 | G2: chan97 | H2: 54 | I2: 97 | L2: chan193 | M2: 59 | N2: 193 | Q2: chan289 | R2: 74 | S2: 289 | V2: chan385 | W2: 59 | X2: 385 | AA2: chan481 | AB2: 58 | AC2: 481 | AF2: chan577 | AG2: 57 | AH2: 577 | AK2: chan673 | AL2: 60 | AM2: 673 | AP2: chan769 | AQ2: 52 | AR2: 769 | AU2: chan865 | AV2: <= 50 | AW2: 865 | AZ2: chan961 | BA2: <= 50 | BB2: 961
B3: chan2 | C3: 8290 | D3: 2 | G3: chan98 | H3: 56 | I3: 98 | L3: chan194 | M3: 64 | N3: 194 | Q3: chan290 | R3: 55 | S3: 290 | V3: chan386 | W3: 61 | X3: 386 | AA3: chan482 | AB3: 61 | AC3: 482 | AF3: chan578 | AG3: 60 | AH3: 578 | AK3: chan674 | AL3: 62 | AM3: 674 | AP3: chan770 | AQ3: 57 | AR3: 770 | AU3: chan866 | AV3: 53 | AW3: 866 | AZ3: chan962 | BA3: 59 | BB3: 962
B4: chan3 | C4: 55 | D4: 3 | G4: chan99 | H4: 56 | I4: 99 | L4: chan195 | M4: 387 | N4: 195 | Q4: chan291 | R4: 62 | S4: 291 | V4: chan387 | W4: 57 | X4: 387 | AA4: chan483 | AB4: 61 | AC4: 483 | AF4: chan579 | AG4: 60 | AH4: 579 | AK4: chan675 | AL4: 63 | AM4: 675 | AP4: chan771 | AQ4: 54 | AR4: 771 | AU4: chan867 | AV4: 50 | AW4: 867 | AZ4: chan963 | BA4: 60 | BB4: 963
B5: chan4 | C5: 59 | D5: 4 | G5: chan100 | H5: 58 | I5: 100 | L5: chan196 | M5: 62 | N5: 196 | Q5: chan292 | R5: 63 | S5: 292 | V5: chan388 | W5: 60 | X5: 388 | AA5: chan484 | AB5: 79 | AC5: 484 | AF5: chan580 | AG5: 66 | AH5: 580 | AK5: chan676 | AL5: 64 | AM5: 676 | AP5: chan772 | AQ5: 66 | AR5: 772 | AU5: chan868 | AV5: 61 | AW5: 868 | AZ5: chan964 | BA5: 61 | BB5: 964
B6: chan5 | C6: 50 | D6: 5 | G6: chan101 | H6: 50 | I6: 101 | L6: chan197 | M6: 56 | N6: 197 | Q6: chan293 | R6: 61 | S6: 293 | V6: chan389 | W6: 56 | X6: 389 | AA6: chan485 | AB6: 59 | AC6: 485 | AF6: chan581 | AG6: 114 | AH6: 581 | AK6: chan677 | AL6: 61 | AM6: 677 | AP6: chan773 | AQ6: 61 | AR6: 773 | AU6: chan869 | AV6: 52 | AW6: 869 | AZ6: chan965 | BA6: 75 | BB6: 965
B7: chan6 | C7: <= 50 | D7: 6 | G7: chan102 | H7: <= 50 | I7: 102 | L7: chan198 | M7: <= 50 | N7: 198 | Q7: chan294 | R7: <= 50 | S7: 294 | V7: chan390 | W7: <= 50 | X7: 390 | AA7: chan486 | AB7: <= 50 | AC7: 486 | AF7: chan582 | AG7: <= 50 | AH7: 582 | AK7: chan678 | AL7: <= 50 | AM7: 678 | AP7: chan774 | AQ7: <= 50 | AR7: 774 | AU7: chan870 | AV7: <= 50 | AW7: 870 | AZ7: chan966 | BA7: <= 50 | BB7: 966
B8: chan7 | C8: <= 50 | D8: 7 | G8: chan103 | H8: <= 50 | I8: 103 | L8: chan199 | M8: 51 | N8: 199 | Q8: chan295 | R8: 58 | S8: 295 | V8: chan391 | W8: <= 50 | X8: 391 | AA8: chan487 | AB8: 55 | AC8: 487 | AF8: chan583 | AG8: <= 50 | AH8: 583 | AK8: chan679 | AL8: 54 | AM8: 679 | AP8: chan775 | AQ8: 51 | AR8: 775 | AU8: chan871 | AV8: 122 | AW8: 871 | AZ8: chan967 | BA8: 390 | BB8: 967
B9: chan8 | C9: 50 | D9: 8 | G9: chan104 | H9: 51 | I9: 104 | L9: chan200 | M9: 314 | N9: 200 | Q9: chan296 | R9: 57 | S9: 296 | V9: chan392 | W9: 57 | X9: 392 | AA9: chan488 | AB9: 57 | AC9: 488 | AF9: chan584 | AG9: 65 | AH9: 584 | AK9: chan680 | AL9: 55 | AM9: 680 | AP9: chan776 | AQ9: 70 | AR9: 776 | AU9: chan872 | AV9: 56 | AW9: 872 | AZ9: chan968 | BA9: 57 | BB9: 968
B10: chan9 | C10: 951 | D10: 9 | G10: chan105 | H10: 57 | I10: 105 | L10: chan201 | M10: 58 | N10: 201 | Q10: chan297 | R10: 77 | S10: 297 | V10: chan393 | W10: 62 | X10: 393 | AA10: chan489 | AB10: 61 | AC10: 489 | AF10: chan585 | AG10: 59 | AH10: 585 | AK10: chan681 | AL10: 62 | AM10: 681 | AP10: chan777 | AQ10: 52 | AR10: 777 | AU10: chan873 | AV10: <= 50 | AW10: 873 | AZ10: chan969 | BA10: 59 | BB10: 969
B11: chan10 | C11: 61 | D11: 10 | G11: chan106 | H11: <= 50 | I11: 106 | L11: chan202 | M11: <= 50 | N11: 202 | Q11: chan298 | R11: 50 | S11: 298 | V11: chan394 | W11: 52 | X11: 394 | AA11: chan490 | AB11: 52 | AC11: 490 | AF11: chan586 | AG11: 52 | AH11: 586 | AK11: chan682 | AL11: 53 | AM11: 682 | AP11: chan778 | AQ11: 52 | AR11: 778 | AU11: chan874 | AV11: <= 50 | AW11: 874 | AZ11: chan970 | BA11: 51 | BB11: 970
B12: chan11 | C12: 58 | D12: 11 | G12: chan107 | H12: 58 | I12: 107 | L12: chan203 | M12: 58 | N12: 203 | Q12: chan299 | R12: 62 | S12: 299 | V12: chan395 | W12: 64 | X12: 395 | AA12: chan491 | AB12: 63 | AC12: 491 | AF12: chan587 | AG12: 59 | AH12: 587 | AK12: chan683 | AL12: 64 | AM12: 683 | AP12: chan779 | AQ12: 54 | AR12: 779 | AU12: chan875 | AV12: 51 | AW12: 875 | AZ12: chan971 | BA12: 62 | BB12: 971
B13: chan12 | C13: <= 50 | D13: 12 | G13: chan108 | H13: <= 50 | I13: 108 | L13: chan204 | M13: <= 50 | N13: 204 | Q13: chan300 | R13: 52 | S13: 300 | V13: chan396 | W13: <= 50 | X13: 396 | AA13: chan492 | AB13: 51 | AC13: 492 | AF13: chan588 | AG13: 51 | AH13: 588 | AK13: chan684 | AL13: 52 | AM13: 684 | AP13: chan780 | AQ13: <= 50 | AR13: 780 | AU13: chan876 | AV13: <= 50 | AW13: 876 | AZ13: chan972 | BA13: 51 | BB13: 972
B14: chan13 | C14: <= 50 | D14: 13 | G14: chan109 | H14: <= 50 | I14: 109 | L14: chan205 | M14: 51 | N14: 205 | Q14: chan301 | R14: 56 | S14: 301 | V14: chan397 | W14: 55 | X14: 397 | AA14: chan493 | AB14: 54 | AC14: 493 | AF14: chan589 | AG14: 54 | AH14: 589 | AK14: chan685 | AL14: 55 | AM14: 685 | AP14: chan781 | AQ14: <= 50 | AR14: 781 | AU14: chan877 | AV14: <= 50 | AW14: 877 | AZ14: chan973 | BA14: 55 | BB14: 973
B15: chan14 | C15: <= 50 | D15: 14 | G15: chan110 | H15: 51 | I15: 110 | L15: chan206 | M15: 55 | N15: 206 | Q15: chan302 | R15: 59 | S15: 302 | V15: chan398 | W15: 57 | X15: 398 | AA15: chan494 | AB15: 58 | AC15: 494 | AF15: chan590 | AG15: 60 | AH15: 590 | AK15: chan686 | AL15: 59 | AM15: 686 | AP15: chan782 | AQ15: 79 | AR15: 782 | AU15: chan878 | AV15: 56 | AW15: 878 | AZ15: chan974 | BA15: 61 | BB15: 974
B16: chan15 | C16: <= 50 | D16: 15 | G16: chan111 | H16: <= 50 | I16: 111 | L16: chan207 | M16: 51 | N16: 207 | Q16: chan303 | R16: <= 50 | S16: 303 | V16: chan399 | W16: 51 | X16: 399 | AA16: chan495 | AB16: 55 | AC16: 495 | AF16: chan591 | AG16: 50 | AH16: 591 | AK16: chan687 | AL16: 55 | AM16: 687 | AP16: chan783 | AQ16: 52 | AR16: 783 | AU16: chan879 | AV16: <= 50 | AW16: 879 | AZ16: chan975 | BA16: 58 | BB16: 975
B17: chan16 | C17: 52 | D17: 16 | G17: chan112 | H17: 52 | I17: 112 | L17: chan208 | M17: 57 | N17: 208 | Q17: chan304 | R17: 60 | S17: 304 | V17: chan400 | W17: 114 | X17: 400 | AA17: chan496 | AB17: 58 | AC17: 496 | AF17: chan592 | AG17: 58 | AH17: 592 | AK17: chan688 | AL17: 57 | AM17: 688 | AP17: chan784 | AQ17: 57 | AR17: 784 | AU17: chan880 | AV17: 54 | AW17: 880 | AZ17: chan976 | BA17: 58 | BB17: 976
B18: chan17 | C18: 54 | D18: 17 | G18: chan113 | H18: 56 | I18: 113 | L18: chan209 | M18: 56 | N18: 209 | Q18: chan305 | R18: <= 50 | S18: 305 | V18: chan401 | W18: 62 | X18: 401 | AA18: chan497 | AB18: 59 | AC18: 497 | AF18: chan593 | AG18: 57 | AH18: 593 | AK18: chan689 | AL18: 60 | AM18: 689 | AP18: chan785 | AQ18: 53 | AR18: 785 | AU18: chan881 | AV18: <= 50 | AW18: 881 | AZ18: chan977 | BA18: 59 | BB18: 977
B19: chan18 | C19: 52 | D19: 18 | G19: chan114 | H19: 52 | I19: 114 | L19: chan210 | M19: 55 | N19: 210 | Q19: chan306 | R19: <= 50 | S19: 306 | V19: chan402 | W19: 57 | X19: 402 | AA19: chan498 | AB19: 56 | AC19: 498 | AF19: chan594 | AG19: 55 | AH19: 594 | AK19: chan690 | AL19: 58 | AM19: 690 | AP19: chan786 | AQ19: 51 | AR19: 786 | AU19: chan882 | AV19: <= 50 | AW19: 882 | AZ19: chan978 | BA19: 56 | BB19: 978
B20: chan19 | C20: 58 | D20: 19 | G20: chan115 | H20: 55 | I20: 115 | L20: chan211 | M20: 56 | N20: 211 | Q20: chan307 | R20: 59 | S20: 307 | V20: chan403 | W20: 59 | X20: 403 | AA20: chan499 | AB20: 59 | AC20: 499 | AF20: chan595 | AG20: 58 | AH20: 595 | AK20: chan691 | AL20: 61 | AM20: 691 | AP20: chan787 | AQ20: 50 | AR20: 787 | AU20: chan883 | AV20: <= 50 | AW20: 883 | AZ20: chan979 | BA20: 60 | BB20: 979
B21: chan20 | C21: 50 | D21: 20 | G21: chan116 | H21: <= 50 | I21: 116 | L21: chan212 | M21: 51 | N21: 212 | Q21: chan308 | R21: 53 | S21: 308 | V21: chan404 | W21: 52 | X21: 404 | AA21: chan500 | AB21: 53 | AC21: 500 | AF21: chan596 | AG21: 52 | AH21: 596 | AK21: chan692 | AL21: 53 | AM21: 692 | AP21: chan788 | AQ21: 52 | AR21: 788 | AU21: chan884 | AV21: <= 50 | AW21: 884 | AZ21: chan980 | BA21: 54 | BB21: 980
B22: chan21 | C22: 59 | D22: 21 | G22: chan117 | H22: 54 | I22: 117 | L22: chan213 | M22: 58 | N22: 213 | Q22: chan309 | R22: 61 | S22: 309 | V22: chan405 | W22: 60 | X22: 405 | AA22: chan501 | AB22: 60 | AC22: 501 | AF22: chan597 | AG22: 58 | AH22: 597 | AK22: chan693 | AL22: 61 | AM22: 693 | AP22: chan789 | AQ22: 52 | AR22: 789 | AU22: chan885 | AV22: 51 | AW22: 885 | AZ22: chan981 | BA22: 63 | BB22: 981
B23: chan22 | C23: <= 50 | D23: 22 | G23: chan118 | H23: <= 50 | I23: 118 | L23: chan214 | M23: <= 50 | N23: 214 | Q23: chan310 | R23: <= 50 | S23: 310 | V23: chan406 | W23: <= 50 | X23: 406 | AA23: chan502 | AB23: <= 50 | AC23: 502 | AF23: chan598 | AG23: <= 50 | AH23: 598 | AK23: chan694 | AL23: <= 50 | AM23: 694 | AP23: chan790 | AQ23: <= 50 | AR23: 790 | AU23: chan886 | AV23: <= 50 | AW23: 886 | AZ23: chan982 | BA23: <= 50 | BB23: 982
B24: chan23 | C24: 58 | D24: 23 | G24: chan119 | H24: 55 | I24: 119 | L24: chan215 | M24: 57 | N24: 215 | Q24: chan311 | R24: 62 | S24: 311 | V24: chan407 | W24: 54 | X24: 407 | AA24: chan503 | AB24: 61 | AC24: 503 | AF24: chan599 | AG24: 55 | AH24: 599 | AK24: chan695 | AL24: 61 | AM24: 695 | AP24: chan791 | AQ24: 142 | AR24: 791 | AU24: chan887 | AV24: <= 50 | AW24: 887 | AZ24: chan983 | BA24: 63 | BB24: 983
B25: chan24 | C25: 54 | D25: 24 | G25: chan120 | H25: 51 | I25: 120 | L25: chan216 | M25: 54 | N25: 216 | Q25: chan312 | R25: 56 | S25: 312 | V25: chan408 | W25: 58 | X25: 408 | AA25: chan504 | AB25: 57 | AC25: 504 | AF25: chan600 | AG25: 62 | AH25: 600 | AK25: chan696 | AL25: 55 | AM25: 696 | AP25: chan792 | AQ25: 54 | AR25: 792 | AU25: chan888 | AV25: 51 | AW25: 888 | AZ25: chan984 | BA25: 57 | BB25: 984
B26: chan25 | C26: 61 | D26: 25 | G26: chan121 | H26: 58 | I26: 121 | L26: chan217 | M26: 54 | N26: 217 | Q26: chan313 | R26: 342 | S26: 313 | V26: chan409 | W26: 62 | X26: 409 | AA26: chan505 | AB26: 61 | AC26: 505 | AF26: chan601 | AG26: 62 | AH26: 601 | AK26: chan697 | AL26: 61 | AM26: 697 | AP26: chan793 | AQ26: 54 | AR26: 793 | AU26: chan889 | AV26: <= 50 | AW26: 889 | AZ26: chan985 | BA26: 61 | BB26: 985
B27: chan26 | C27: 52 | D27: 26 | G27: chan122 | H27: 52 | I27: 122 | L27: chan218 | M27: 52 | N27: 218 | Q27: chan314 | R27: 58 | S27: 314 | V27: chan410 | W27: 8317 | X27: 410 | AA27: chan506 | AB27: 55 | AC27: 506 | AF27: chan602 | AG27: 56 | AH27: 602 | AK27: chan698 | AL27: 55 | AM27: 698 | AP27: chan794 | AQ27: 50 | AR27: 794 | AU27: chan890 | AV27: <= 50 | AW27: 890 | AZ27: chan986 | BA27: 55 | BB27: 986
B28: chan27 | C28: 63 | D28: 27 | G28: chan123 | H28: 57 | I28: 123 | L28: chan219 | M28: 59 | N28: 219 | Q28: chan315 | R28: 57 | S28: 315 | V28: chan411 | W28: 61 | X28: 411 | AA28: chan507 | AB28: 62 | AC28: 507 | AF28: chan603 | AG28: 63 | AH28: 603 | AK28: chan699 | AL28: 63 | AM28: 699 | AP28: chan795 | AQ28: 53 | AR28: 795 | AU28: chan891 | AV28: 52 | AW28: 891 | AZ28: chan987 | BA28: 62 | BB28: 987
B29: chan28 | C29: <= 50 | D29: 28 | G29: chan124 | H29: <= 50 | I29: 124 | L29: chan220 | M29: <= 50 | N29: 220 | Q29: chan316 | R29: <=50 | S29: 316 | V29: chan412 | W29: 52 | X29: 412 | AA29: chan508 | AB29: 52 | AC29: 508 | AF29: chan604 | AG29: 52 | AH29: 604 | AK29: chan700 | AL29: 52 | AM29: 700 | AP29: chan796 | AQ29: 52 | AR29: 796 | AU29: chan892 | AV29: <= 50 | AW29: 892 | AZ29: chan988 | BA29: 51 | BB29: 988
B30: chan29 | C30: 60 | D30: 29 | G30: chan125 | H30: 54 | I30: 125 | L30: chan221 | M30: 56 | N30: 221 | Q30: chan317 | R30: 59 | S30: 317 | V30: chan413 | W30: 56 | X30: 413 | AA30: chan509 | AB30: 58 | AC30: 509 | AF30: chan605 | AG30: 59 | AH30: 605 | AK30: chan701 | AL30: 57 | AM30: 701 | AP30: chan797 | AQ30: <= 50 | AR30: 797 | AU30: chan893 | AV30: <= 50 | AW30: 893 | AZ30: chan989 | BA30: 59 | BB30: 989
B31: chan30 | C31: 51 | D31: 30 | G31: chan126 | H31: <= 50 | I31: 126 | L31: chan222 | M31: 50 | N31: 222 | Q31: chan318 | R31: 53 | S31: 318 | V31: chan414 | W31: <= 50 | X31: 414 | AA31: chan510 | AB31: 53 | AC31: 510 | AF31: chan606 | AG31: 53 | AH31: 606 | AK31: chan702 | AL31: 51 | AM31: 702 | AP31: chan798 | AQ31: 51 | AR31: 798 | AU31: chan894 | AV31: <= 50 | AW31: 894 | AZ31: chan990 | BA31: 53 | BB31: 990
B32: chan31 | C32: 54 | D32: 31 | G32: chan127 | H32: 50 | I32: 127 | L32: chan223 | M32: 52 | N32: 223 | Q32: chan319 | R32: 56 | S32: 319 | V32: chan415 | W32: 6905 | X32: 415 | AA32: chan511 | AB32: 56 | AC32: 511 | AF32: chan607 | AG32: 56 | AH32: 607 | AK32: chan703 | AL32: 52 | AM32: 703 | AP32: chan799 | AQ32: <= 50 | AR32: 799 | AU32: chan895 | AV32: <= 50 | AW32: 895 | AZ32: chan991 | BA32: 56 | BB32: 991
B33: chan32 | C33: <= 50 | D33: 32 | G33: chan128 | H33: <= 50 | I33: 128 | L33: chan224 | M33: 52 | N33: 224 | Q33: chan320 | R33: 52 | S33: 320 | V33: chan416 | W33: 64 | X33: 416 | AA33: chan512 | AB33: 54 | AC33: 512 | AF33: chan608 | AG33: 55 | AH33: 608 | AK33: chan704 | AL33: 54 | AM33: 704 | AP33: chan800 | AQ33: 56 | AR33: 800 | AU33: chan896 | AV33: 56 | AW33: 896 | AZ33: chan992 | BA33: 53 | BB33: 992
B34: chan33 | C34: 57 | D34: 33 | G34: chan129 | H34: 54 | I34: 129 | L34: chan225 | M34: 57 | N34: 225 | Q34: chan321 | R34: 75 | S34: 321 | V34: chan417 | W34: 61 | X34: 417 | AA34: chan513 | AB34: 56 | AC34: 513 | AF34: chan609 | AG34: 59 | AH34: 609 | AK34: chan705 | AL34: 60 | AM34: 705 | AP34: chan801 | AQ34: 57 | AR34: 801 | AU34: chan897 | AV34: 52 | AW34: 897 | AZ34: chan993 | BA34: 60 | BB34: 993
B35: chan34 | C35: 64 | D35: 34 | G35: chan130 | H35: 62 | I35: 130 | L35: chan226 | M35: 62 | N35: 226 | Q35: chan322 | R35: <= 50 | S35: 322 | V35: chan418 | W35: 65 | X35: 418 | AA35: chan514 | AB35: 61 | AC35: 514 | AF35: chan610 | AG35: 64 | AH35: 610 | AK35: chan706 | AL35: 64 | AM35: 706 | AP35: chan802 | AQ35: 58 | AR35: 802 | AU35: chan898 | AV35: 55 | AW35: 898 | AZ35: chan994 | BA35: 65 | BB35: 994
B36: chan35 | C36: 64 | D36: 35 | G36: chan131 | H36: 58 | I36: 131 | L36: chan227 | M36: 61 | N36: 227 | Q36: chan323 | R36: 193 | S36: 323 | V36: chan419 | W36: 65 | X36: 419 | AA36: chan515 | AB36: 60 | AC36: 515 | AF36: chan611 | AG36: 64 | AH36: 611 | AK36: chan707 | AL36: 63 | AM36: 707 | AP36: chan803 | AQ36: 55 | AR36: 803 | AU36: chan899 | AV36: 54 | AW36: 899 | AZ36: chan995 | BA36: 64 | BB36: 995
B37: chan36 | C37: 66 | D37: 36 | G37: chan132 | H37: 61 | I37: 132 | L37: chan228 | M37: 62 | N37: 228 | Q37: chan324 | R37: 65 | S37: 324 | V37: chan420 | W37: 65 | X37: 420 | AA37: chan516 | AB37: 62 | AC37: 516 | AF37: chan612 | AG37: 65 | AH37: 612 | AK37: chan708 | AL37: 65 | AM37: 708 | AP37: chan804 | AQ37: 57 | AR37: 804 | AU37: chan900 | AV37: 53 | AW37: 900 | AZ37: chan996 | BA37: 65 | BB37: 996
B38: chan37 | C38: 65 | D38: 37 | G38: chan133 | H38: 63 | I38: 133 | L38: chan229 | M38: 64 | N38: 229 | Q38: chan325 | R38: 64 | S38: 325 | V38: chan421 | W38: 66 | X38: 421 | AA38: chan517 | AB38: 64 | AC38: 517 | AF38: chan613 | AG38: 66 | AH38: 613 | AK38: chan709 | AL38: 67 | AM38: 709 | AP38: chan805 | AQ38: 59 | AR38: 805 | AU38: chan901 | AV38: 55 | AW38: 901 | AZ38: chan997 | BA38: 66 | BB38: 997
B39: chan38 | C39: 62 | D39: 38 | G39: chan134 | H39: 59 | I39: 134 | L39: chan230 | M39: 59 | N39: 230 | Q39: chan326 | R39: 61 | S39: 326 | V39: chan422 | W39: 62 | X39: 422 | AA39: chan518 | AB39: 59 | AC39: 518 | AF39: chan614 | AG39: 63 | AH39: 614 | AK39: chan710 | AL39: 63 | AM39: 710 | AP39: chan806 | AQ39: 55 | AR39: 806 | AU39: chan902 | AV39: 52 | AW39: 902 | AZ39: chan998 | BA39: 63 | BB39: 998
B40: chan39 | C40: 65 | D40: 39 | G40: chan135 | H40: 59 | I40: 135 | L40: chan231 | M40: 61 | N40: 231 | Q40: chan327 | R40: 63 | S40: 327 | V40: chan423 | W40: 56 | X40: 423 | AA40: chan519 | AB40: 61 | AC40: 519 | AF40: chan615 | AG40: 60 | AH40: 615 | AK40: chan711 | AL40: 65 | AM40: 711 | AP40: chan807 | AQ40: 57 | AR40: 807 | AU40: chan903 | AV40: 56 | AW40: 903 | AZ40: chan999 | BA40: 65 | BB40: 999
B41: chan40 | C41: 65 | D41: 40 | G41: chan136 | H41: 59 | I41: 136 | L41: chan232 | M41: 60 | N41: 232 | Q41: chan328 | R41: 57 | S41: 328 | V41: chan424 | W41: 55 | X41: 424 | AA41: chan520 | AB41: 57 | AC41: 520 | AF41: chan616 | AG41: 65 | AH41: 616 | AK41: chan712 | AL41: 64 | AM41: 712 | AP41: chan808 | AQ41: 56 | AR41: 808 | AU41: chan904 | AV41: 54 | AW41: 904 | AZ41: chan1000 | BA41: 64 | BB41: 1000
B42: chan41 | C42: 59 | D42: 41 | G42: chan137 | H42: 60 | I42: 137 | L42: chan233 | M42: 58 | N42: 233 | Q42: chan329 | R42: 63 | S42: 329 | V42: chan425 | W42: 64 | X42: 425 | AA42: chan521 | AB42: 59 | AC42: 521 | AF42: chan617 | AG42: 55 | AH42: 617 | AK42: chan713 | AL42: 63 | AM42: 713 | AP42: chan809 | AQ42: 60 | AR42: 809 | AU42: chan905 | AV42: 55 | AW42: 905 | AZ42: chan1001 | BA42: 63 | BB42: 1001
B43: chan42 | C43: 62 | D43: 42 | G43: chan138 | H43: 62 | I43: 138 | L43: chan234 | M43: 59 | N43: 234 | Q43: chan330 | R43: 64 | S43: 330 | V43: chan426 | W43: 65 | X43: 426 | AA43: chan522 | AB43: 59 | AC43: 522 | AF43: chan618 | AG43: 64 | AH43: 618 | AK43: chan714 | AL43: 65 | AM43: 714 | AP43: chan810 | AQ43: 56 | AR43: 810 | AU43: chan906 | AV43: 52 | AW43: 906 | AZ43: chan1002 | BA43: 64 | BB43: 1002
B44: chan43 | C44: 63 | D44: 43 | G44: chan139 | H44: 60 | I44: 139 | L44: chan235 | M44: 60 | N44: 235 | Q44: chan331 | R44: 66 | S44: 331 | V44: chan427 | W44: 64 | X44: 427 | AA44: chan523 | AB44: 61 | AC44: 523 | AF44: chan619 | AG44: 64 | AH44: 619 | AK44: chan715 | AL44: 65 | AM44: 715 | AP44: chan811 | AQ44: 58 | AR44: 811 | AU44: chan907 | AV44: 56 | AW44: 907 | AZ44: chan1003 | BA44: 64 | BB44: 1003
B45: chan44 | C45: 62 | D45: 44 | G45: chan140 | H45: 59 | I45: 140 | L45: chan236 | M45: 59 | N45: 236 | Q45: chan332 | R45: 65 | S45: 332 | V45: chan428 | W45: 63 | X45: 428 | AA45: chan524 | AB45: 58 | AC45: 524 | AF45: chan620 | AG45: 62 | AH45: 620 | AK45: chan716 | AL45: 64 | AM45: 716 | AP45: chan812 | AQ45: 54 | AR45: 812 | AU45: chan908 | AV45: <= 50 | AW45: 908 | AZ45: chan1004 | BA45: 62 | BB45: 1004
B46: chan45 | C46: 65 | D46: 45 | G46: chan141 | H46: 6253 | I46: 141 | L46: chan237 | M46: 61 | N46: 237 | Q46: chan333 | R46: 68 | S46: 333 | V46: chan429 | W46: 66 | X46: 429 | AA46: chan525 | AB46: 63 | AC46: 525 | AF46: chan621 | AG46: 67 | AH46: 621 | AK46: chan717 | AL46: 67 | AM46: 717 | AP46: chan813 | AQ46: 60 | AR46: 813 | AU46: chan909 | AV46: 58 | AW46: 909 | AZ46: chan1005 | BA46: 66 | BB46: 1005
B47: chan46 | C47: 68 | D47: 46 | G47: chan142 | H47: 60 | I47: 142 | L47: chan238 | M47: 63 | N47: 238 | Q47: chan334 | R47: 67 | S47: 334 | V47: chan430 | W47: 65 | X47: 430 | AA47: chan526 | AB47: 61 | AC47: 526 | AF47: chan622 | AG47: 67 | AH47: 622 | AK47: chan718 | AL47: 68 | AM47: 718 | AP47: chan814 | AQ47: 58 | AR47: 814 | AU47: chan910 | AV47: 53 | AW47: 910 | AZ47: chan1006 | BA47: 66 | BB47: 1006
B48: chan47 | C48: 63 | D48: 47 | G48: chan143 | H48: 57 | I48: 143 | L48: chan239 | M48: 59 | N48: 239 | Q48: chan335 | R48: 64 | S48: 335 | V48: chan431 | W48: 61 | X48: 431 | AA48: chan527 | AB48: 58 | AC48: 527 | AF48: chan623 | AG48: 65 | AH48: 623 | AK48: chan719 | AL48: 64 | AM48: 719 | AP48: chan815 | AQ48: 57 | AR48: 815 | AU48: chan911 | AV48: 55 | AW48: 911 | AZ48: chan1007 | BA48: 63 | BB48: 1007
B49: chan48 | C49: 66 | D49: 48 | G49: chan144 | H49: 58 | I49: 144 | L49: chan240 | M49: 57 | N49: 240 | Q49: chan336 | R49: 63 | S49: 336 | V49: chan432 | W49: 65 | X49: 432 | AA49: chan528 | AB49: 54 | AC49: 528 | AF49: chan624 | AG49: 64 | AH49: 624 | AK49: chan720 | AL49: 62 | AM49: 720 | AP49: chan816 | AQ49: 55 | AR49: 816 | AU49: chan912 | AV49: 54 | AW49: 912 | AZ49: chan1008 | BA49: 63 | BB49: 1008
B50: chan49 | C50: 58 | D50: 49 | G50: chan145 | H50: 57 | I50: 145 | L50: chan241 | M50: 60 | N50: 241 | Q50: chan337 | R50: 63 | S50: 337 | V50: chan433 | W50: 65 | X50: 433 | AA50: chan529 | AB50: 161 | AC50: 529 | AF50: chan625 | AG50: 60 | AH50: 625 | AK50: chan721 | AL50: 64 | AM50: 721 | AP50: chan817 | AQ50: 57 | AR50: 817 | AU50: chan913 | AV50: 53 | AW50: 913 | AZ50: chan1009 | BA50: 64 | BB50: 1009
B51: chan50 | C51: 65 | D51: 50 | G51: chan146 | H51: 61 | I51: 146 | L51: chan242 | M51: 57 | N51: 242 | Q51: chan338 | R51: 65 | S51: 338 | V51: chan434 | W51: 65 | X51: 434 | AA51: chan530 | AB51: 57 | AC51: 530 | AF51: chan626 | AG51: 64 | AH51: 626 | AK51: chan722 | AL51: 65 | AM51: 722 | AP51: chan818 | AQ51: 55 | AR51: 818 | AU51: chan914 | AV51: 72 | AW51: 914 | AZ51: chan1010 | BA51: 64 | BB51: 1010
B52: chan51 | C52: 60 | D52: 51 | G52: chan147 | H52: 57 | I52: 147 | L52: chan243 | M52: 57 | N52: 243 | Q52: chan339 | R52: 63 | S52: 339 | V52: chan435 | W52: 64 | X52: 435 | AA52: chan531 | AB52: 57 | AC52: 531 | AF52: chan627 | AG52: 62 | AH52: 627 | AK52: chan723 | AL52: 64 | AM52: 723 | AP52: chan819 | AQ52: 54 | AR52: 819 | AU52: chan915 | AV52: 50 | AW52: 915 | AZ52: chan1011 | BA52: 62 | BB52: 1011
B53: chan52 | C53: 72 | D53: 52 | G53: chan148 | H53: 64 | I53: 148 | L53: chan244 | M53: 63 | N53: 244 | Q53: chan340 | R53: 72 | S53: 340 | V53: chan436 | W53: 70 | X53: 436 | AA53: chan532 | AB53: 62 | AC53: 532 | AF53: chan628 | AG53: 69 | AH53: 628 | AK53: chan724 | AL53: 70 | AM53: 724 | AP53: chan820 | AQ53: 58 | AR53: 820 | AU53: chan916 | AV53: 54 | AW53: 916 | AZ53: chan1012 | BA53: 70 | BB53: 1012
B54: chan53 | C54: 67 | D54: 53 | G54: chan149 | H54: 60 | I54: 149 | L54: chan245 | M54: 58 | N54: 245 | Q54: chan341 | R54: 67 | S54: 341 | V54: chan437 | W54: 65 | X54: 437 | AA54: chan533 | AB54: 61 | AC54: 533 | AF54: chan629 | AG54: 66 | AH54: 629 | AK54: chan725 | AL54: 66 | AM54: 725 | AP54: chan821 | AQ54: 57 | AR54: 821 | AU54: chan917 | AV54: 54 | AW54: 917 | AZ54: chan1013 | BA54: 65 | BB54: 1013
B55: chan54 | C55: 68 | D55: 54 | G55: chan150 | H55: 60 | I55: 150 | L55: chan246 | M55: 61 | N55: 246 | Q55: chan342 | R55: 68 | S55: 342 | V55: chan438 | W55: 65 | X55: 438 | AA55: chan534 | AB55: 60 | AC55: 534 | AF55: chan630 | AG55: 66 | AH55: 630 | AK55: chan726 | AL55: 66 | AM55: 726 | AP55: chan822 | AQ55: 56 | AR55: 822 | AU55: chan918 | AV55: 53 | AW55: 918 | AZ55: chan1014 | BA55: 65 | BB55: 1014
B56: chan55 | C56: 63 | D56: 55 | G56: chan151 | H56: 59 | I56: 151 | L56: chan247 | M56: 55 | N56: 247 | Q56: chan343 | R56: 66 | S56: 343 | V56: chan439 | W56: 60 | X56: 439 | AA56: chan535 | AB56: 60 | AC56: 535 | AF56: chan631 | AG56: 64 | AH56: 631 | AK56: chan727 | AL56: 64 | AM56: 727 | AP56: chan823 | AQ56: 56 | AR56: 823 | AU56: chan919 | AV56: 54 | AW56: 919 | AZ56: chan1015 | BA56: 63 | BB56: 1015
B57: chan56 | C57: 67 | D57: 56 | G57: chan152 | H57: 61 | I57: 152 | L57: chan248 | M57: 57 | N57: 248 | Q57: chan344 | R57: 67 | S57: 344 | V57: chan440 | W57: 60 | X57: 440 | AA57: chan536 | AB57: 66 | AC57: 536 | AF57: chan632 | AG57: 65 | AH57: 632 | AK57: chan728 | AL57: 66 | AM57: 728 | AP57: chan824 | AQ57: 60 | AR57: 824 | AU57: chan920 | AV57: 57 | AW57: 920 | AZ57: chan1016 | BA57: 66 | BB57: 1016
... B65: chan64 | C65: 61 | D65: 64 | G65: chan160 | H65: 56 | I65: 160 | L65: chan256 | M65: 60 | N65: 256 | Q65: chan352 | R65: 63 | S65: 352 | V65: chan448 | W65: 58 | X65: 448 | AA65: chan544 | AB65: 72 | AC65: 544 | AF65: chan640 | AG65: 191 | AH65: 640 | AK65: chan736 | AL65: 62 | AM65: 736 | AP65: chan832 | AQ65: 61 | AR65: 832 | AU65: chan928 | AV65: 58 | AW65: 928 | AZ65: chan1024 | BA65: 58 | BB65: 1024
B66: chan65 | C66: 4652 | D66: 65 | G66: chan161 | H66: 2206 | I66: 161 | L66: chan257 | M66: 1530 | N66: 257 | Q66: chan353 | R66: 6368 | S66: 353 | V66: chan449 | W66: 1570 | X66: 449 | AA66: chan545 | AB66: 3041 | AC66: 545 | AF66: chan641 | AG66: 3028 | AH66: 641 | AK66: chan737 | AL66: 1459 | AM66: 737 | AP66: chan833 | AQ66: 2246 | AR66: 833 | AU66: chan929 | AV66: 1833 | AW66: 929
B67: chan66 | C67: 55 | D67: 66 | G67: chan162 | H67: 56 | I67: 162 | L67: chan258 | M67: 53 | N67: 258 | Q67: chan354 | R67: 64 | S67: 354 | V67: chan450 | W67: 62 | X67: 450 | AA67: chan546 | AB67: 64 | AC67: 546 | AF67: chan642 | AG67: 62 | AH67: 642 | AK67: chan738 | AL67: 61 | AM67: 738 | AP67: chan834 | AQ67: 3849 | AR67: 834 | AU67: chan930 | AV67: 54 | AW67: 930
B68: chan67 | C68: 59 | D68: 67 | G68: chan163 | H68: 59 | I68: 163 | L68: chan259 | M68: 63 | N68: 259 | Q68: chan355 | R68: 66 | S68: 355 | V68: chan451 | W68: 65 | X68: 451 | AA68: chan547 | AB68: 53 | AC68: 547 | AF68: chan643 | AG68: 65 | AH68: 643 | AK68: chan739 | AL68: 64 | AM68: 739 | AP68: chan835 | AQ68: 57 | AR68: 835 | AU68: chan931 | AV68: 51 | AW68: 931
B69: chan68 | C69: 53 | D69: 68 | G69: chan164 | H69: 52 | I69: 164 | L69: chan260 | M69: 74 | N69: 260 | Q69: chan356 | R69: 57 | S69: 356 | V69: chan452 | W69: 58 | X69: 452 | AA69: chan548 | AB69: 51 | AC69: 548 | AF69: chan644 | AG69: 58 | AH69: 644 | AK69: chan740 | AL69: 56 | AM69: 740 | AP69: chan836 | AQ69: <=50 | AR69: 836 | AU69: chan932 | AV69: <= 50 | AW69: 932
B70: chan69 | C70: 54 | D70: 69 | G70: chan165 | H70: 57 | I70: 165 | L70: chan261 | M70: 57 | N70: 261 | Q70: chan357 | R70: 65 | S70: 357 | V70: chan453 | W70: 65 | X70: 453 | AA70: chan549 | AB70: <= 50 | AC70: 549 | AF70: chan645 | AG70: 64 | AH70: 645 | AK70: chan741 | AL70: 64 | AM70: 741 | AP70: chan837 | AQ70: 54 | AR70: 837 | AU70: chan933 | AV70: 50 | AW70: 933
B71: chan70 | C71: 53 | D71: 70 | G71: chan166 | H71: 51 | I71: 166 | L71: chan262 | M71: 53 | N71: 262 | Q71: chan358 | R71: 55 | S71: 358 | V71: chan454 | W71: 57 | X71: 454 | AA71: chan550 | AB71: 53 | AC71: 550 | AF71: chan646 | AG71: 55 | AH71: 646 | AK71: chan742 | AL71: 56 | AM71: 742 | AP71: chan838 | AQ71: 53 | AR71: 838 | AU71: chan934 | AV71: <= 50 | AW71: 934
B72: chan71 | C72: 59 | D72: 71 | G72: chan167 | H72: 58 | I72: 167 | L72: chan263 | M72: 59 | N72: 263 | Q72: chan359 | R72: 65 | S72: 359 | V72: chan455 | W72: 64 | X72: 455 | AA72: chan551 | AB72: 52 | AC72: 551 | AF72: chan647 | AG72: 60 | AH72: 647 | AK72: chan743 | AL72: 63 | AM72: 743 | AP72: chan839 | AQ72: 3293 | AR72: 839 | AU72: chan935 | AV72: 51 | AW72: 935
B73: chan72 | C73: <= 50 | D73: 72 | G73: chan168 | H73: 52 | I73: 168 | L73: chan264 | M73: 53 | N73: 264 | Q73: chan360 | R73: 55 | S73: 360 | V73: chan456 | W73: 60 | X73: 456 | AA73: chan552 | AB73: 51 | AC73: 552 | AF73: chan648 | AG73: 70 | AH73: 648 | AK73: chan744 | AL73: 59 | AM73: 744 | AP73: chan840 | AQ73: 51 | AR73: 840 | AU73: chan936 | AV73: <= 50 | AW73: 936
B74: chan73 | C74: <= 50 | D74: 73 | G74: chan169 | H74: 57 | I74: 169 | L74: chan265 | M74: 385 | N74: 265 | Q74: chan361 | R74: 63 | S74: 361 | V74: chan457 | W74: 63 | X74: 457 | AA74: chan553 | AB74: 54 | AC74: 553 | AF74: chan649 | AG74: 63 | AH74: 649 | AK74: chan745 | AL74: 61 | AM74: 745 | AP74: chan841 | AQ74: 54 | AR74: 841 | AU74: chan937 | AV74: <= 50 | AW74: 937
B75: chan74 | C75: 55 | D75: 74 | G75: chan170 | H75: <= 50 | I75: 170 | L75: chan266 | M75: 62 | N75: 266 | Q75: chan362 | R75: 54 | S75: 362 | V75: chan458 | W75: 55 | X75: 458 | AA75: chan554 | AB75: 63 | AC75: 554 | AF75: chan650 | AG75: 56 | AH75: 650 | AK75: chan746 | AL75: 54 | AM75: 746 | AP75: chan842 | AQ75: 51 | AR75: 842 | AU75: chan938 | AV75: 53 | AW75: 938
B76: chan75 | C76: 66 | D76: 75 | G76: chan171 | H76: 59 | I76: 171 | L76: chan267 | M76: 55 | N76: 267 | Q76: chan363 | R76: 65 | S76: 363 | V76: chan459 | W76: 64 | X76: 459 | AA76: chan555 | AB76: 55 | AC76: 555 | AF76: chan651 | AG76: 65 | AH76: 651 | AK76: chan747 | AL76: 64 | AM76: 747 | AP76: chan843 | AQ76: 57 | AR76: 843 | AU76: chan939 | AV76: 50 | AW76: 939
B77: chan76 | C77: 61 | D77: 76 | G77: chan172 | H77: 52 | I77: 172 | L77: chan268 | M77: 54 | N77: 268 | Q77: chan364 | R77: 57 | S77: 364 | V77: chan460 | W77: 58 | X77: 460 | AA77: chan556 | AB77: 55 | AC77: 556 | AF77: chan652 | AG77: 60 | AH77: 652 | AK77: chan748 | AL77: 58 | AM77: 748 | AP77: chan844 | AQ77: 54 | AR77: 844 | AU77: chan940 | AV77: 50 | AW77: 940
B78: chan77 | C78: 70 | D78: 77 | G78: chan173 | H78: 59 | I78: 173 | L78: chan269 | M78: 53 | N78: 269 | Q78: chan365 | R78: 66 | S78: 365 | V78: chan461 | W78: 66 | X78: 461 | AA78: chan557 | AB78: 60 | AC78: 557 | AF78: chan653 | AG78: 66 | AH78: 653 | AK78: chan749 | AL78: 65 | AM78: 749 | AP78: chan845 | AQ78: 57 | AR78: 845 | AU78: chan941 | AV78: 52 | AW78: 941
B79: chan78 | C79: 64 | D79: 78 | G79: chan174 | H79: 53 | I79: 174 | L79: chan270 | M79: 56 | N79: 270 | Q79: chan366 | R79: 60 | S79: 366 | V79: chan462 | W79: 60 | X79: 462 | AA79: chan558 | AB79: 56 | AC79: 558 | AF79: chan654 | AG79: 60 | AH79: 654 | AK79: chan750 | AL79: 59 | AM79: 750 | AP79: chan846 | AQ79: 53 | AR79: 846 | AU79: chan942 | AV79: <= 50 | AW79: 942
B80: chan79 | C80: 69 | D80: 79 | G80: chan175 | H80: <= 50 | I80: 175 | L80: chan271 | M80: 58 | N80: 271 | Q80: chan367 | R80: 56 | S80: 367 | V80: chan463 | W80: 65 | X80: 463 | AA80: chan559 | AB80: 53 | AC80: 559 | AF80: chan655 | AG80: 63 | AH80: 655 | AK80: chan751 | AL80: 64 | AM80: 751 | AP80: chan847 | AQ80: 56 | AR80: 847 | AU80: chan943 | AV80: 52 | AW80: 943
B81: chan80 | C81: 60 | D81: 80 | G81: chan176 | H81: 54 | I81: 176 | L81: chan272 | M81: 57 | N81: 272 | Q81: chan368 | R81: 507 | S81: 368 | V81: chan464 | W81: 61 | X81: 464 | AA81: chan560 | AB81: 55 | AC81: 560 | AF81: chan656 | AG81: 55 | AH81: 656 | AK81: chan752 | AL81: 59 | AM81: 752 | AP81: chan848 | AQ81: 54 | AR81: 848 | AU81: chan944 | AV81: 52 | AW81: 944
B82: chan81 | C82: 59 | D82: 81 | G82: chan177 | H82: 55 | I82: 177 | L82: chan273 | M82: 64 | N82: 273 | Q82: chan369 | R82: 57 | S82: 369 | V82: chan465 | W82: 61 | X82: 465 | AA82: chan561 | AB82: <= 50 | AC82: 561 | AF82: chan657 | AG82: 62 | AH82: 657 | AK82: chan753 | AL82: 60 | AM82: 753 | AP82: chan849 | AQ82: 52 | AR82: 849 | AU82: chan945 | AV82: <= 50 | AW82: 945
B83: chan82 | C83: 66 | D83: 82 | G83: chan178 | H83: 58 | I83: 178 | L83: chan274 | M83: 53 | N83: 274 | Q83: chan370 | R83: 63 | S83: 370 | V83: chan466 | W83: 63 | X83: 466 | AA83: chan562 | AB83: 53 | AC83: 562 | AF83: chan658 | AG83: 64 | AH83: 658 | AK83: chan754 | AL83: 62 | AM83: 754 | AP83: chan850 | AQ83: 56 | AR83: 850 | AU83: chan946 | AV83: <= 50 | AW83: 946
B84: chan83 | C84: 65 | D84: 83 | G84: chan179 | H84: 55 | I84: 179 | L84: chan275 | M84: 53 | N84: 275 | Q84: chan371 | R84: 62 | S84: 371 | V84: chan467 | W84: 61 | X84: 467 | AA84: chan563 | AB84: <= 50 | AC84: 563 | AF84: chan659 | AG84: 62 | AH84: 659 | AK84: chan755 | AL84: 60 | AM84: 755 | AP84: chan851 | AQ84: 53 | AR84: 851 | AU84: chan947 | AV84: <= 50 | AW84: 947
B85: chan84 | C85: 65 | D85: 84 | G85: chan180 | H85: 56 | I85: 180 | L85: chan276 | M85: 59 | N85: 276 | Q85: chan372 | R85: 61 | S85: 372 | V85: chan468 | W85: 62 | X85: 468 | AA85: chan564 | AB85: 57 | AC85: 564 | AF85: chan660 | AG85: 63 | AH85: 660 | AK85: chan756 | AL85: 61 | AM85: 756 | AP85: chan852 | AQ85: 56 | AR85: 852 | AU85: chan948 | AV85: 51 | AW85: 948
B86: chan85 | C86: 69 | D86: 85 | G86: chan181 | H86: 57 | I86: 181 | L86: chan277 | M86: 61 | N86: 277 | Q86: chan373 | R86: 64 | S86: 373 | V86: chan469 | W86: 65 | X86: 469 | AA86: chan565 | AB86: 57 | AC86: 565 | AF86: chan661 | AG86: 65 | AH86: 661 | AK86: chan757 | AL86: 64 | AM86: 757 | AP86: chan853 | AQ86: 57 | AR86: 853 | AU86: chan949 | AV86: 51 | AW86: 949
B87: chan86 | C87: 65 | D87: 86 | G87: chan182 | H87: 54 | I87: 182 | L87: chan278 | M87: 56 | N87: 278 | Q87: chan374 | R87: 62 | S87: 374 | V87: chan470 | W87: 62 | X87: 470 | AA87: chan566 | AB87: 57 | AC87: 566 | AF87: chan662 | AG87: 61 | AH87: 662 | AK87: chan758 | AL87: 61 | AM87: 758 | AP87: chan854 | AQ87: 54 | AR87: 854 | AU87: chan950 | AV87: 50 | AW87: 950
B88: chan87 | C88: 69 | D88: 87 | G88: chan183 | H88: <= 50 | I88: 183 | L88: chan279 | M88: 60 | N88: 279 | Q88: chan375 | R88: 60 | S88: 375 | V88: chan471 | W88: 64 | X88: 471 | AA88: chan567 | AB88: 57 | AC88: 567 | AF88: chan663 | AG88: 62 | AH88: 663 | AK88: chan759 | AL88: 58 | AM88: 759 | AP88: chan855 | AQ88: 53 | AR88: 855 | AU88: chan951 | AV88: 50 | AW88: 951
B89: chan88 | C89: 68 | D89: 88 | G89: chan184 | H89: 4953 | I89: 184 | L89: chan280 | M89: 60 | N89: 280 | Q89: chan376 | R89: 59 | S89: 376 | V89: chan472 | W89: 64 | X89: 472 | AA89: chan568 | AB89: <= 50 | AC89: 568 | AF89: chan664 | AG89: 61 | AH89: 664 | AK89: chan760 | AL89: 62 | AM89: 760 | AP89: chan856 | AQ89: 54 | AR89: 856 | AU89: chan952 | AV89: 51 | AW89: 952
B90: chan89 | C90: 65 | D90: 89 | G90: chan185 | H90: 57 | I90: 185 | L90: chan281 | M90: 58 | N90: 281 | Q90: chan377 | R90: 141 | S90: 377 | V90: chan473 | W90: 63 | X90: 473 | AA90: chan569 | AB90: <= 50 | AC90: 569 | AF90: chan665 | AG90: 64 | AH90: 665 | AK90: chan761 | AL90: 61 | AM90: 761 | AP90: chan857 | AQ90: 54 | AR90: 857 | AU90: chan953 | AV90: <= 50 | AW90: 953
B91: chan90 | C91: 61 | D91: 90 | G91: chan186 | H91: 53 | I91: 186 | L91: chan282 | M91: 68 | N91: 282 | Q91: chan378 | R91: 57 | S91: 378 | V91: chan474 | W91: 59 | X91: 474 | AA91: chan570 | AB91: 54 | AC91: 570 | AF91: chan666 | AG91: 60 | AH91: 666 | AK91: chan762 | AL91: 59 | AM91: 762 | AP91: chan858 | AQ91: 55 | AR91: 858 | AU91: chan954 | AV91: 54 | AW91: 954
B92: chan91 | C92: 70 | D92: 91 | G92: chan187 | H92: 58 | I92: 187 | L92: chan283 | M92: 58 | N92: 283 | Q92: chan379 | R92: 63 | S92: 379 | V92: chan475 | W92: 65 | X92: 475 | AA92: chan571 | AB92: 57 | AC92: 571 | AF92: chan667 | AG92: 65 | AH92: 667 | AK92: chan763 | AL92: 64 | AM92: 763 | AP92: chan859 | AQ92: 57 | AR92: 859 | AU92: chan955 | AV92: <= 50 | AW92: 955
B93: chan92 | C93: 66 | D93: 92 | G93: chan188 | H93: 57 | I93: 188 | L93: chan284 | M93: 59 | N93: 284 | Q93: chan380 | R93: 61 | S93: 380 | V93: chan476 | W93: 65 | X93: 476 | AA93: chan572 | AB93: 57 | AC93: 572 | AF93: chan668 | AG93: 63 | AH93: 668 | AK93: chan764 | AL93: 61 | AM93: 764 | AP93: chan860 | AQ93: 56 | AR93: 860 | AU93: chan956 | AV93: 50 | AW93: 956
B94: chan93 | C94: 68 | D94: 93 | G94: chan189 | H94: 55 | I94: 189 | L94: chan285 | M94: 58 | N94: 285 | Q94: chan381 | R94: 54 | S94: 381 | V94: chan477 | W94: 63 | X94: 477 | AA94: chan573 | AB94: 57 | AC94: 573 | AF94: chan669 | AG94: 61 | AH94: 669 | AK94: chan765 | AL94: 60 | AM94: 765 | AP94: chan861 | AQ94: 56 | AR94: 861 | AU94: chan957 | AV94: 50 | AW94: 957
B95: chan94 | C95: 65 | D95: 94 | G95: chan190 | H95: 54 | I95: 190 | L95: chan286 | M95: 60 | N95: 286 | Q95: chan382 | R95: 61 | S95: 382 | V95: chan478 | W95: 62 | X95: 478 | AA95: chan574 | AB95: 57 | AC95: 574 | AF95: chan670 | AG95: 62 | AH95: 670 | AK95: chan766 | AL95: 60 | AM95: 766 | AP95: chan862 | AQ95: 58 | AR95: 862 | AU95: chan958 | AV95: 54 | AW95: 958
B96: chan95 | C96: 66 | D96: 95 | G96: chan191 | H96: 53 | I96: 191 | L96: chan287 | M96: 57 | N96: 287 | Q96: chan383 | R96: 52 | S96: 383 | V96: chan479 | W96: 61 | X96: 479 | AA96: chan575 | AB96: 52 | AC96: 575 | AF96: chan671 | AG96: 7564 | AH96: 671 | AK96: chan767 | AL96: 59 | AM96: 767 | AP96: chan863 | AQ96: 54 | AR96: 863 | AU96: chan959 | AV96: 50 | AW96: 959
B97: chan96 | C97: 65 | D97: 96 | G97: chan192 | H97: 51 | I97: 192 | L97: chan288 | M97: 58 | N97: 288 | Q97: chan384 | R97: <= 50 | S97: 384 | V97: chan480 | W97: 61 | X97: 480 | AA97: chan576 | AB97: 53 | AC97: 576 | AF97: chan672 | AG97: 56 | AH97: 672 | AK97: chan768 | AL97: 56 | AM97: 768 | AP97: chan864 | AQ97: 55 | AR97: 864 | AU97: chan960 | AV97: 51 | AW97: 960

Sheet Array mapping
B2: WO-9001285
AN3: 1 | AO3: 9 | AP3: 17 | AQ3: 25 | AR3: 33 | AS3: 41 | AT3: 49 | AU3: 57 | AV3: A1 | AZ3: 513 | BA3: 521 | BB3: 529 | BC3: 537 | BD3: 545 | BE3: 553 | BF3: 561 | BG3: 569 | BH3: A9
B4: SN: 11388-000003 | AN4: 2 | AO4: 10 | AP4: 18 | AQ4: 26 | AR4: 34 | AS4: 42 | AT4: 50 | AU4: 58 | AV4: ='Array Impedance'!AW4 -> array ID: 1078-3 | AZ4: 514 | BA4: 522 | BB4: 530 | BC4: 538 | BD4: 546 | BE4: 554 | BF4: 562 | BG4: 570 | BH4: ='Array Impedance'!BI4 -> array ID: 1078-21
AN5: 3 | AO5: 11 | AP5: 19 | AQ5: 27 | AR5: 35 | AS5: 43 | AT5: 51 | AU5: 59 | AZ5: 515 | BA5: 523 | BB5: 531 | BC5: 539 | BD5: 547 | BE5: 555 | BF5: 563 | BG5: 571
AN6: 4 | AO6: 12 | AP6: 20 | AQ6: 28 | AR6: 36 | AS6: 44 | AT6: 52 | AU6: 60 | AZ6: 516 | BA6: 524 | BB6: 532 | BC6: 540 | BD6: 548 | BE6: 556 | BF6: 564 | BG6: 572
AN7: 5 | AO7: 13 | AP7: 21 | AQ7: 29 | AR7: 37 | AS7: 45 | AT7: 53 | AU7: 61 | AZ7: 517 | BA7: 525 | BB7: 533 | BC7: 541 | BD7: 549 | BE7: 557 | BF7: 565 | BG7: 573
AN8: 6 | AO8: 14 | AP8: 22 | AQ8: 30 | AR8: 38 | AS8: 46 | AT8: 54 | AU8: 62 | AZ8: 518 | BA8: 526 | BB8: 534 | BC8: 542 | BD8: 550 | BE8: 558 | BF8: 566 | BG8: 574
AN9: 7 | AO9: 15 | AP9: 23 | AQ9: 31 | AR9: 39 | AS9: 47 | AT9: 55 | AU9: 63 | AZ9: 519 | BA9: 527 | BB9: 535 | BC9: 543 | BD9: 551 | BE9: 559 | BF9: 567 | BG9: 575
AN10: 8 | AO10: 16 | AP10: 24 | AQ10: 32 | AR10: 40 | AS10: 48 | AT10: 56 | AU10: 64 | AZ10: 520 | BA10: 528 | BB10: 536 | BC10: 544 | BD10: 552 | BE10: 560 | BF10: 568 | BG10: 576
AN12: 65 | AO12: 73 | AP12: 81 | AQ12: 89 | AR12: 97 | AS12: 105 | AT12: 113 | AU12: 121 | AV12: A2 | AZ12: 577 | BA12: 585 | BB12: 593 | BC12: 601 | BD12: 609 | BE12: 617 | BF12: 625 | BG12: 633 | BH12: A10
AN13: 66 | AO13: 74 | AP13: 82 | AQ13: 90 | AR13: 98 | AS13: 106 | AT13: 114 | AU13: 122 | AV13: ='Array Impedance'!AW13 -> array ID: 1078-5 | AZ13: 578 | BA13: 586 | BB13: 594 | BC13: 602 | BD13: 610 | BE13: 618 | BF13: 626 | BG13: 634 | BH13: ='Array Impedance'!BI13 -> array ID: 1078-23
AN14: 67 | AO14: 75 | AP14: 83 | AQ14: 91 | AR14: 99 | AS14: 107 | AT14: 115 | AU14: 123 | AZ14: 579 | BA14: 587 | BB14: 595 | BC14: 603 | BD14: 611 | BE14: 619 | BF14: 627 | BG14: 635
AN15: 68 | AO15: 76 | AP15: 84 | AQ15: 92 | AR15: 100 | AS15: 108 | AT15: 116 | AU15: 124 | AZ15: 580 | BA15: 588 | BB15: 596 | BC15: 604 | BD15: 612 | BE15: 620 | BF15: 628 | BG15: 636
AN16: 69 | AO16: 77 | AP16: 85 | AQ16: 93 | AR16: 101 | AS16: 109 | AT16: 117 | AU16: 125 | AZ16: 581 | BA16: 589 | BB16: 597 | BC16: 605 | BD16: 613 | BE16: 621 | BF16: 629 | BG16: 637
AN17: 70 | AO17: 78 | AP17: 86 | AQ17: 94 | AR17: 102 | AS17: 110 | AT17: 118 | AU17: 126 | AZ17: 582 | BA17: 590 | BB17: 598 | BC17: 606 | BD17: 614 | BE17: 622 | BF17: 630 | BG17: 638
AN18: 71 | AO18: 79 | AP18: 87 | AQ18: 95 | AR18: 103 | AS18: 111 | AT18: 119 | AU18: 127 | AZ18: 583 | BA18: 591 | BB18: 599 | BC18: 607 | BD18: 615 | BE18: 623 | BF18: 631 | BG18: 639
N19: LGA bottom view (wire bonding side) | AN19: 72 | AO19: 80 | AP19: 88 | AQ19: 96 | AR19: 104 | AS19: 112 | AT19: 120 | AU19: 128 | AZ19: 584 | BA19: 592 | BB19: 600 | BC19: 608 | BD19: 616 | BE19: 624 | BF19: 632 | BG19: 640
M21: 1020 | N21: 1021 | O21: 1022 | P21: 1023 | Q21: 1024 | R21: R 7 | S21: R 8 | T21: R 2 | U21: R 1 | V21: 5 | W21: 4 | X21: 3 | Y21: 2 | Z21: 1 | AN21: 129 | AO21: 137 | AP21: 145 | AQ21: 153 | AR21: 161 | AS21: 169 | AT21: 177 | AU21: 185 | AV21: A3 | AZ21: 641 | BA21: 649 | BB21: 657 | BC21: 665 | BD21: 673 | BE21: 681 | BF21: 689 | BG21: 697 | BH21: A11
L22: 1012 | M22: 1013 | N22: 1014 | O22: 1015 | P22: 1016 | Q22: 1017 | R22: 1018 | S22: 1019 | T22: 13 | U22: 12 | V22: 11 | W22: 10 | X22: 9 | Y22: 8 | Z22: 7 | AA22: 6 | AN22: 130 | AO22: 138 | AP22: 146 | AQ22: 154 | AR22: 162 | AS22: 170 | AT22: 178 | AU22: 186 | AV22: ='Array Impedance'!AW22 -> array ID: 1078-7 | AZ22: 642 | BA22: 650 | BB22: 658 | BC22: 666 | BD22: 674 | BE22: 682 | BF22: 690 | BG22: 698 | BH22: ='Array Impedance'!BI22 -> array ID: 1078-25
K23: 1003 | L23: 1004 | M23: 1005 | N23: 1006 | O23: 1007 | P23: 1008 | Q23: 1009 | R23: 1010 | S23: 1011 | T23: 22 | U23: 21 | V23: 20 | W23: 19 | X23: 18 | Y23: 17 | Z23: 16 | AA23: 15 | AB23: 14 | AN23: 131 | AO23: 139 | AP23: 147 | AQ23: 155 | AR23: 163 | AS23: 171 | AT23: 179 | AU23: 187 | AZ23: 643 | BA23: 651 | BB23: 659 | BC23: 667 | BD23: 675 | BE23: 683 | BF23: 691 | BG23: 699
J24: 993 | K24: 994 | L24: 995 | M24: 996 | N24: 997 | O24: 998 | P24: 999 | Q24: 1000 | R24: 1001 | S24: 1002 | T24: 32 | U24: 31 | V24: 30 | W24: 29 | X24: 28 | Y24: 27 | Z24: 26 | AA24: 25 | AB24: 24 | AC24: 23 | AN24: 132 | AO24: 140 | AP24: 148 | AQ24: 156 | AR24: 164 | AS24: 172 | AT24: 180 | AU24: 188 | AZ24: 644 | BA24: 652 | BB24: 660 | BC24: 668 | BD24: 676 | BE24: 684 | BF24: 692 | BG24: 700
I25: 982 | J25: 983 | K25: 984 | L25: 985 | M25: 986 | N25: 987 | O25: 988 | P25: 989 | Q25: 990 | R25: 991 | S25: 992 | T25: 43 | U25: 42 | V25: 41 | W25: 40 | X25: 39 | Y25: 38 | Z25: 37 | AA25: 36 | AB25: 35 | AC25: 34 | AD25: 33 | AN25: 133 | AO25: 141 | AP25: 149 | AQ25: 157 | AR25: 165 | AS25: 173 | AT25: 181 | AU25: 189 | AZ25: 645 | BA25: 653 | BB25: 661 | BC25: 669 | BD25: 677 | BE25: 685 | BF25: 693 | BG25: 701
H26: 970 | I26: 971 | J26: 972 | K26: 973 | L26: 974 | M26: 975 | N26: 976 | O26: 977 | P26: 978 | Q26: 979 | R26: 980 | S26: 981 | T26: 55 | U26: 54 | V26: 53 | W26: 52 | X26: 51 | Y26: 50 | Z26: 49 | AA26: 48 | AB26: 47 | AC26: 46 | AD26: 45 | AE26: 44 | AN26: 134 | AO26: 142 | AP26: 150 | AQ26: 158 | AR26: 166 | AS26: 174 | AT26: 182 | AU26: 190 | AZ26: 646 | BA26: 654 | BB26: 662 | BC26: 670 | BD26: 678 | BE26: 686 | BF26: 694 | BG26: 702
G27: 957 | H27: 958 | I27: 959 | J27: 960 | K27: 961 | L27: 962 | M27: 963 | N27: 964 | O27: 965 | P27: 966 | Q27: 967 | R27: 968 | S27: 969 | T27: 68 | U27: 67 | V27: 66 | W27: 65 | X27: 64 | Y27: 63 | Z27: 62 | AA27: 61 | AB27: 60 | AC27: 59 | AD27: 58 | AE27: 57 | AF27: 56 | AN27: 135 | AO27: 143 | AP27: 151 | AQ27: 159 | AR27: 167 | AS27: 175 | AT27: 183 | AU27: 191 | AZ27: 647 | BA27: 655 | BB27: 663 | BC27: 671 | BD27: 679 | BE27: 687 | BF27: 695 | BG27: 703
F28: 943 | G28: 944 | H28: 945 | I28: 946 | J28: 947 | K28: 948 | L28: 949 | M28: 950 | N28: 951 | O28: 952 | P28: 953 | Q28: 954 | R28: 955 | S28: 956 | T28: 82 | U28: 81 | V28: 80 | W28: 79 | X28: 78 | Y28: 77 | Z28: 76 | AA28: 75 | AB28: 74 | AC28: 73 | AD28: 72 | AE28: 71 | AF28: 70 | AG28: 69 | AN28: 136 | AO28: 144 | AP28: 152 | AQ28: 160 | AR28: 168 | AS28: 176 | AT28: 184 | AU28: 192 | AZ28: 648 | BA28: 656 | BB28: 664 | BC28: 672 | BD28: 680 | BE28: 688 | BF28: 696 | BG28: 704
E29: 928 | F29: 929 | G29: 930 | H29: 931 | I29: 932 | J29: 933 | K29: 934 | L29: 935 | M29: 936 | N29: 937 | O29: 938 | P29: 939 | Q29: 940 | R29: 941 | S29: 942 | T29: 97 | U29: 96 | V29: 95 | W29: 94 | X29: 93 | Y29: 92 | Z29: 91 | AA29: 90 | AB29: 89 | AC29: 88 | AD29: 87 | AE29: 86 | AF29: 85 | AG29: 84 | AH29: 83
D30: 912 | E30: 913 | F30: 914 | G30: 915 | H30: 916 | I30: 917 | J30: 918 | K30: 919 | L30: 920 | M30: 921 | N30: 922 | O30: 923 | P30: 924 | Q30: 925 | R30: 926 | S30: 927 | T30: 113 | U30: 112 | V30: 111 | W30: 110 | X30: 109 | Y30: 108 | Z30: 107 | AA30: 106 | AB30: 105 | AC30: 104 | AD30: 103 | AE30: 102 | AF30: 101 | AG30: 100 | AH30: 99 | AI30: 98 | AN30: 193 | AO30: 201 | AP30: 209 | AQ30: 217 | AR30: 225 | AS30: 233 | AT30: 241 | AU30: 249 | AV30: A4 | AZ30: 705 | BA30: 713 | BB30: 721 | BC30: 729 | BD30: 737 | BE30: 745 | BF30: 753 | BG30: 761 | BH30: A12
C31: 895 | D31: 896 | E31: 897 | F31: 898 | G31: 899 | H31: 900 | I31: 901 | J31: 902 | K31: 903 | L31: 904 | M31: 905 | N31: 906 | O31: 907 | P31: 908 | Q31: 909 | R31: 910 | S31: 911 | T31: 130 | U31: 129 | V31: 128 | W31: 127 | X31: 126 | Y31: 125 | Z31: 124 | AA31: 123 | AB31: 122 | AC31: 121 | AD31: 120 | AE31: 119 | AF31: 118 | AG31: 117 | AH31: 116 | AI31: 115 | AJ31: 114 | AN31: 194 | AO31: 202 | AP31: 210 | AQ31: 218 | AR31: 226 | AS31: 234 | AT31: 242 | AU31: 250 | AV31: ='Array Impedance'!AW31 -> array ID: 1078-8 | AZ31: 706 | BA31: 714 | BB31: 722 | BC31: 730 | BD31: 738 | BE31: 746 | BF31: 754 | BG31: 762 | BH31: ='Array Impedance'!BI31 -> array ID: 1078-26
B32: 877 | C32: 878 | D32: 879 | E32: 880 | F32: 881 | G32: 882 | H32: 883 | I32: 884 | J32: 885 | K32: 886 | L32: 887 | M32: 888 | N32: 889 | O32: 890 | P32: 891 | Q32: 892 | R32: 893 | S32: 894 | T32: 148 | U32: 147 | V32: 146 | W32: 145 | X32: 144 | Y32: 143 | Z32: 142 | AA32: 141 | AB32: 140 | AC32: 139 | AD32: 138 | AE32: 137 | AF32: 136 | AG32: 135 | AH32: 134 | AI32: 133 | AJ32: 132 | AK32: 131 | AN32: 195 | AO32: 203 | AP32: 211 | AQ32: 219 | AR32: 227 | AS32: 235 | AT32: 243 | AU32: 251 | AZ32: 707 | BA32: 715 | BB32: 723 | BC32: 731 | BD32: 739 | BE32: 747 | BF32: 755 | BG32: 763
B33: 859 | C33: 860 | D33: 861 | E33: 862 | F33: 863 | G33: 864 | H33: 865 | I33: 866 | J33: 867 | K33: 868 | L33: 869 | M33: 870 | N33: 871 | O33: 872 | P33: 873 | Q33: 874 | R33: 875 | S33: 876 | T33: 166 | U33: 165 | V33: 164 | W33: 163 | X33: 162 | Y33: 161 | Z33: 160 | AA33: 159 | AB33: 158 | AC33: 157 | AD33: 156 | AE33: 155 | AF33: 154 | AG33: 153 | AH33: 152 | AI33: 151 | AJ33: 150 | AK33: 149 | AN33: 196 | AO33: 204 | AP33: 212 | AQ33: 220 | AR33: 228 | AS33: 236 | AT33: 244 | AU33: 252 | AZ33: 708 | BA33: 716 | BB33: 724 | BC33: 732 | BD33: 740 | BE33: 748 | BF33: 756 | BG33: 764
B34: 841 | C34: 842 | D34: 843 | E34: 844 | F34: 845 | G34: 846 | H34: 847 | I34: 848 | J34: 849 | K34: 850 | L34: 851 | M34: 852 | N34: 853 | O34: 854 | P34: 855 | Q34: 856 | R34: 857 | S34: 858 | T34: 184 | U34: 183 | V34: 182 | W34: 181 | X34: 180 | Y34: 179 | Z34: 178 | AA34: 177 | AB34: 176 | AC34: 175 | AD34: 174 | AE34: 173 | AF34: 172 | AG34: 171 | AH34: 170 | AI34: 169 | AJ34: 168 | AK34: 167 | AN34: 197 | AO34: 205 | AP34: 213 | AQ34: 221 | AR34: 229 | AS34: 237 | AT34: 245 | AU34: 253 | AZ34: 709 | BA34: 717 | BB34: 725 | BC34: 733 | BD34: 741 | BE34: 749 | BF34: 757 | BG34: 765
B35: 823 | C35: 824 | D35: 825 | E35: 826 | F35: 827 | G35: 828 | H35: 829 | I35: 830 | J35: 831 | K35: 832 | L35: 833 | M35: 834 | N35: 835 | O35: 836 | P35: 837 | Q35: 838 | R35: 839 | S35: 840 | T35: 202 | U35: 201 | V35: 200 | W35: 199 | X35: 198 | Y35: 197 | Z35: 196 | AA35: 195 | AB35: 194 | AC35: 193 | AD35: 192 | AE35: 191 | AF35: 190 | AG35: 189 | AH35: 188 | AI35: 187 | AJ35: 186 | AK35: 185 | AN35: 198 | AO35: 206 | AP35: 214 | AQ35: 222 | AR35: 230 | AS35: 238 | AT35: 246 | AU35: 254 | AZ35: 710 | BA35: 718 | BB35: 726 | BC35: 734 | BD35: 742 | BE35: 750 | BF35: 758 | BG35: 766
B36: 805 | C36: 806 | D36: 807 | E36: 808 | F36: 809 | G36: 810 | H36: 811 | I36: 812 | J36: 813 | K36: 814 | L36: 815 | M36: 816 | N36: 817 | O36: 818 | P36: 819 | Q36: 820 | R36: 821 | S36: 822 | T36: 220 | U36: 219 | V36: 218 | W36: 217 | X36: 216 | Y36: 215 | Z36: 214 | AA36: 213 | AB36: 212 | AC36: 211 | AD36: 210 | AE36: 209 | AF36: 208 | AG36: 207 | AH36: 206 | AI36: 205 | AJ36: 204 | AK36: 203 | AN36: 199 | AO36: 207 | AP36: 215 | AQ36: 223 | AR36: 231 | AS36: 239 | AT36: 247 | AU36: 255 | AZ36: 711 | BA36: 719 | BB36: 727 | BC36: 735 | BD36: 743 | BE36: 751 | BF36: 759 | BG36: 767
B37: 787 | C37: 788 | D37: 789 | E37: 790 | F37: 791 | G37: 792 | H37: 793 | I37: 794 | J37: 795 | K37: 796 | L37: 797 | M37: 798 | N37: 799 | O37: 800 | P37: 801 | Q37: 802 | R37: 803 | S37: 804 | T37: 238 | U37: 237 | V37: 236 | W37: 235 | X37: 234 | Y37: 233 | Z37: 232 | AA37: 231 | AB37: 230 | AC37: 229 | AD37: 228 | AE37: 227 | AF37: 226 | AG37: 225 | AH37: 224 | AI37: 223 | AJ37: 222 | AK37: 221 | AN37: 200 | AO37: 208 | AP37: 216 | AQ37: 224 | AR37: 232 | AS37: 240 | AT37: 248 | AU37: 256 | AZ37: 712 | BA37: 720 | BB37: 728 | BC37: 736 | BD37: 744 | BE37: 752 | BF37: 760 | BG37: 768
B38: 769 | C38: 770 | D38: 771 | E38: 772 | F38: 773 | G38: 774 | H38: 775 | I38: 776 | J38: 777 | K38: 778 | L38: 779 | M38: 780 | N38: 781 | O38: 782 | P38: 783 | Q38: 784 | R38: 785 | S38: 786 | T38: 256 | U38: 255 | V38: 254 | W38: 253 | X38: 252 | Y38: 251 | Z38: 250 | AA38: 249 | AB38: 248 | AC38: 247 | AD38: 246 | AE38: 245 | AF38: 244 | AG38: 243 | AH38: 242 | AI38: 241 | AJ38: 240 | AK38: 239 | AL38: wire
B39: 751 | C39: 752 | D39: 753 | E39: 754 | F39: 755 | G39: 756 | H39: 757 | I39: 758 | J39: 759 | K39: 760 | L39: 761 | M39: 762 | N39: 763 | O39: 764 | P39: 765 | Q39: 766 | R39: 767 | S39: 768 | T39: 274 | U39: 273 | V39: 272 | W39: 271 | X39: 270 | Y39: 269 | Z39: 268 | AA39: 267 | AB39: 266 | AC39: 265 | AD39: 264 | AE39: 263 | AF39: 262 | AG39: 261 | AH39: 260 | AI39: 259 | AJ39: 258 | AK39: 257 | AL39: bundle | AN39: 257 | AO39: 265 | AP39: 273 | AQ39: 281 | AR39: 289 | AS39: 297 | AT39: 305 | AU39: 313 | AV39: A5 | AZ39: 769 | BA39: 777 | BB39: 785 | BC39: 793 | BD39: 801 | BE39: 809 | BF39: 817 | BG39: 825 | BH39: A13
B40: 733 | C40: 734 | D40: 735 | E40: 736 | F40: 737 | G40: 738 | H40: 739 | I40: 740 | J40: 741 | K40: 742 | L40: 743 | M40: 744 | N40: 745 | O40: 746 | P40: 747 | Q40: 748 | R40: 749 | S40: 750 | T40: 292 | U40: 291 | V40: 290 | W40: 289 | X40: 288 | Y40: 287 | Z40: 286 | AA40: 285 | AB40: 284 | AC40: 283 | AD40: 282 | AE40: 281 | AF40: 280 | AG40: 279 | AH40: 278 | AI40: 277 | AJ40: 276 | AK40: 275 | AN40: 258 | AO40: 266 | AP40: 274 | AQ40: 282 | AR40: 290 | AS40: 298 | AT40: 306 | AU40: 314 | AV40: ='Array Impedance'!AW40 -> array ID: 1078-9 | AZ40: 770 | BA40: 778 | BB40: 786 | BC40: 794 | BD40: 802 | BE40: 810 | BF40: 818 | BG40: 826 | BH40: ='Array Impedance'!BI40 -> array ID: 1078-27
B41: 715 | C41: 716 | D41: 717 | E41: 718 | F41: 719 | G41: 720 | H41: 721 | I41: 722 | J41: 723 | K41: 724 | L41: 725 | M41: 726 | N41: 727 | O41: 728 | P41: 729 | Q41: 730 | R41: 731 | S41: 732 | T41: 310 | U41: 309 | V41: 308 | W41: 307 | X41: 306 | Y41: 305 | Z41: 304 | AA41: 303 | AB41: 302 | AC41: 301 | AD41: 300 | AE41: 299 | AF41: 298 | AG41: 297 | AH41: 296 | AI41: 295 | AJ41: 294 | AK41: 293 | AN41: 259 | AO41: 267 | AP41: 275 | AQ41: 283 | AR41: 291 | AS41: 299 | AT41: 307 | AU41: 315 | AZ41: 771 | BA41: 779 | BB41: 787 | BC41: 795 | BD41: 803 | BE41: 811 | BF41: 819 | BG41: 827
B42: 697 | C42: 698 | D42: 699 | E42: 700 | F42: 701 | G42: 702 | H42: 703 | I42: 704 | J42: 705 | K42: 706 | L42: 707 | M42: 708 | N42: 709 | O42: 710 | P42: 711 | Q42: 712 | R42: 713 | S42: 714 | T42: 328 | U42: 327 | V42: 326 | W42: 325 | X42: 324 | Y42: 323 | Z42: 322 | AA42: 321 | AB42: 320 | AC42: 319 | AD42: 318 | AE42: 317 | AF42: 316 | AG42: 315 | AH42: 314 | AI42: 313 | AJ42: 312 | AK42: 311 | AN42: 260 | AO42: 268 | AP42: 276 | AQ42: 284 | AR42: 292 | AS42: 300 | AT42: 308 | AU42: 316 | AZ42: 772 | BA42: 780 | BB42: 788 | BC42: 796 | BD42: 804 | BE42: 812 | BF42: 820 | BG42: 828
B43: 679 | C43: 680 | D43: 681 | E43: 682 | F43: 683 | G43: 684 | H43: 685 | I43: 686 | J43: 687 | K43: 688 | L43: 689 | M43: 690 | N43: 691 | O43: 692 | P43: 693 | Q43: 694 | R43: 695 | S43: 696 | T43: 346 | U43: 345 | V43: 344 | W43: 343 | X43: 342 | Y43: 341 | Z43: 340 | AA43: 339 | AB43: 338 | AC43: 337 | AD43: 336 | AE43: 335 | AF43: 334 | AG43: 333 | AH43: 332 | AI43: 331 | AJ43: 330 | AK43: 329 | AN43: 261 | AO43: 269 | AP43: 277 | AQ43: 285 | AR43: 293 | AS43: 301 | AT43: 309 | AU43: 317 | AZ43: 773 | BA43: 781 | BB43: 789 | BC43: 797 | BD43: 805 | BE43: 813 | BF43: 821 | BG43: 829
B44: 661 | C44: 662 | D44: 663 | E44: 664 | F44: 665 | G44: 666 | H44: 667 | I44: 668 | J44: 669 | K44: 670 | L44: 671 | M44: 672 | N44: 673 | O44: 674 | P44: 675 | Q44: 676 | R44: 677 | S44: 678 | T44: 364 | U44: 363 | V44: 362 | W44: 361 | X44: 360 | Y44: 359 | Z44: 358 | AA44: 357 | AB44: 356 | AC44: 355 | AD44: 354 | AE44: 353 | AF44: 352 | AG44: 351 | AH44: 350 | AI44: 349 | AJ44: 348 | AK44: 347 | AN44: 262 | AO44: 270 | AP44: 278 | AQ44: 286 | AR44: 294 | AS44: 302 | AT44: 310 | AU44: 318 | AZ44: 774 | BA44: 782 | BB44: 790 | BC44: 798 | BD44: 806 | BE44: 814 | BF44: 822 | BG44: 830
B45: 643 | C45: 644 | D45: 645 | E45: 646 | F45: 647 | G45: 648 | H45: 649 | I45: 650 | J45: 651 | K45: 652 | L45: 653 | M45: 654 | N45: 655 | O45: 656 | P45: 657 | Q45: 658 | R45: 659 | S45: 660 | T45: 382 | U45: 381 | V45: 380 | W45: 379 | X45: 378 | Y45: 377 | Z45: 376 | AA45: 375 | AB45: 374 | AC45: 373 | AD45: 372 | AE45: 371 | AF45: 370 | AG45: 369 | AH45: 368 | AI45: 367 | AJ45: 366 | AK45: 365 | AN45: 263 | AO45: 271 | AP45: 279 | AQ45: 287 | AR45: 295 | AS45: 303 | AT45: 311 | AU45: 319 | AZ45: 775 | BA45: 783 | BB45: 791 | BC45: 799 | BD45: 807 | BE45: 815 | BF45: 823 | BG45: 831
C46: 626 | D46: 627 | E46: 628 | F46: 629 | G46: 630 | H46: 631 | I46: 632 | J46: 633 | K46: 634 | L46: 635 | M46: 636 | N46: 637 | O46: 638 | P46: 639 | Q46: 640 | R46: 641 | S46: 642 | T46: 399 | U46: 398 | V46: 397 | W46: 396 | X46: 395 | Y46: 394 | Z46: 393 | AA46: 392 | AB46: 391 | AC46: 390 | AD46: 389 | AE46: 388 | AF46: 387 | AG46: 386 | AH46: 385 | AI46: 384 | AJ46: 383 | AN46: 264 | AO46: 272 | AP46: 280 | AQ46: 288 | AR46: 296 | AS46: 304 | AT46: 312 | AU46: 320 | AZ46: 776 | BA46: 784 | BB46: 792 | BC46: 800 | BD46: 808 | BE46: 816 | BF46: 824 | BG46: 832
D47: 610 | E47: 611 | F47: 612 | G47: 613 | H47: 614 | I47: 615 | J47: 616 | K47: 617 | L47: 618 | M47: 619 | N47: 620 | O47: 621 | P47: 622 | Q47: 623 | R47: 624 | S47: 625 | T47: 415 | U47: 414 | V47: 413 | W47: 412 | X47: 411 | Y47: 410 | Z47: 409 | AA47: 408 | AB47: 407 | AC47: 406 | AD47: 405 | AE47: 404 | AF47: 403 | AG47: 402 | AH47: 401 | AI47: 400
E48: 595 | F48: 596 | G48: 597 | H48: 598 | I48: 599 | J48: 600 | K48: 601 | L48: 602 | M48: 603 | N48: 604 | O48: 605 | P48: 606 | Q48: 607 | R48: 608 | S48: 609 | T48: 430 | U48: 429 | V48: 428 | W48: 427 | X48: 426 | Y48: 425 | Z48: 424 | AA48: 423 | AB48: 422 | AC48: 421 | AD48: 420 | AE48: 419 | AF48: 418 | AG48: 417 | AH48: 416 | AN48: 321 | AO48: 329 | AP48: 337 | AQ48: 345 | AR48: 353 | AS48: 361 | AT48: 369 | AU48: 377 | AV48: A6 | AZ48: 833 | BA48: 841 | BB48: 849 | BC48: 857 | BD48: 865 | BE48: 873 | BF48: 881 | BG48: 889 | BH48: A14
F49: 581 | G49: 582 | H49: 583 | I49: 584 | J49: 585 | K49: 586 | L49: 587 | M49: 588 | N49: 589 | O49: 590 | P49: 591 | Q49: 592 | R49: 593 | S49: 594 | T49: 444 | U49: 443 | V49: 442 | W49: 441 | X49: 440 | Y49: 439 | Z49: 438 | AA49: 437 | AB49: 436 | AC49: 435 | AD49: 434 | AE49: 433 | AF49: 432 | AG49: 431 | AN49: 322 | AO49: 330 | AP49: 338 | AQ49: 346 | AR49: 354 | AS49: 362 | AT49: 370 | AU49: 378 | AV49: ='Array Impedance'!AW49 -> array ID: 1078-12 | AZ49: 834 | BA49: 842 | BB49: 850 | BC49: 858 | BD49: 866 | BE49: 874 | BF49: 882 | BG49: 890 | BH49: ='Array Impedance'!BI49 -> array ID: 1078-28
G50: 568 | H50: 569 | I50: 570 | J50: 571 | K50: 572 | L50: 573 | M50: 574 | N50: 575 | O50: 576 | P50: 577 | Q50: 578 | R50: 579 | S50: 580 | T50: 457 | U50: 456 | V50: 455 | W50: 454 | X50: 453 | Y50: 452 | Z50: 451 | AA50: 450 | AB50: 449 | AC50: 448 | AD50: 447 | AE50: 446 | AF50: 445 | AN50: 323 | AO50: 331 | AP50: 339 | AQ50: 347 | AR50: 355 | AS50: 363 | AT50: 371 | AU50: 379 | AZ50: 835 | BA50: 843 | BB50: 851 | BC50: 859 | BD50: 867 | BE50: 875 | BF50: 883 | BG50: 891
H51: 556 | I51: 557 | J51: 558 | K51: 559 | L51: 560 | M51: 561 | N51: 562 | O51: 563 | P51: 564 | Q51: 565 | R51: 566 | S51: 567 | T51: 469 | U51: 468 | V51: 467 | W51: 466 | X51: 465 | Y51: 464 | Z51: 463 | AA51: 462 | AB51: 461 | AC51: 460 | AD51: 459 | AE51: 458 | AN51: 324 | AO51: 332 | AP51: 340 | AQ51: 348 | AR51: 356 | AS51: 364 | AT51: 372 | AU51: 380 | AZ51: 836 | BA51: 844 | BB51: 852 | BC51: 860 | BD51: 868 | BE51: 876 | BF51: 884 | BG51: 892
I52: 545 | J52: 546 | K52: 547 | L52: 548 | M52: 549 | N52: 550 | O52: 551 | P52: 552 | Q52: 553 | R52: 554 | S52: 555 | T52: 480 | U52: 479 | V52: 478 | W52: 477 | X52: 476 | Y52: 475 | Z52: 474 | AA52: 473 | AB52: 472 | AC52: 471 | AD52: 470 | AN52: 325 | AO52: 333 | AP52: 341 | AQ52: 349 | AR52: 357 | AS52: 365 | AT52: 373 | AU52: 381 | AZ52: 837 | BA52: 845 | BB52: 853 | BC52: 861 | BD52: 869 | BE52: 877 | BF52: 885 | BG52: 893
J53: 535 | K53: 536 | L53: 537 | M53: 538 | N53: 539 | O53: 540 | P53: 541 | Q53: 542 | R53: 543 | S53: 544 | T53: 490 | U53: 489 | V53: 488 | W53: 487 | X53: 486 | Y53: 485 | Z53: 484 | AA53: 483 | AB53: 482 | AC53: 481 | AN53: 326 | AO53: 334 | AP53: 342 | AQ53: 350 | AR53: 358 | AS53: 366 | AT53: 374 | AU53: 382 | AZ53: 838 | BA53: 846 | BB53: 854 | BC53: 862 | BD53: 870 | BE53: 878 | BF53: 886 | BG53: 894
K54: 526 | L54: 527 | M54: 528 | N54: 529 | O54: 530 | P54: 531 | Q54: 532 | R54: 533 | S54: 534 | T54: 499 | U54: 498 | V54: 497 | W54: 496 | X54: 495 | Y54: 494 | Z54: 493 | AA54: 492 | AB54: 491 | AN54: 327 | AO54: 335 | AP54: 343 | AQ54: 351 | AR54: 359 | AS54: 367 | AT54: 375 | AU54: 383 | AZ54: 839 | BA54: 847 | BB54: 855 | BC54: 863 | BD54: 871 | BE54: 879 | BF54: 887 | BG54: 895
L55: 518 | M55: 519 | N55: 520 | O55: 521 | P55: 522 | Q55: 523 | R55: 524 | S55: 525 | T55: 507 | U55: 506 | V55: 505 | W55: 504 | X55: 503 | Y55: 502 | Z55: 501 | AA55: 500 | AN55: 328 | AO55: 336 | AP55: 344 | AQ55: 352 | AR55: 360 | AS55: 368 | AT55: 376 | AU55: 384 | AZ55: 840 | BA55: 848 | BB55: 856 | BC55: 864 | BD55: 872 | BE55: 880 | BF55: 888 | BG55: 896
M56: 513 | N56: 514 | O56: 515 | P56: 516 | Q56: 517 | R56: R 5 | S56: R 6 | T56: R 4 | U56: R 3 | V56: 512 | W56: 511 | X56: 510 | Y56: 509 | Z56: 508
AN57: 385 | AO57: 393 | AP57: 401 | AQ57: 409 | AR57: 417 | AS57: 425 | AT57: 433 | AU57: 441 | AV57: A7 | AZ57: 897 | BA57: 905 | BB57: 913 | BC57: 921 | BD57: 929 | BE57: 937 | BF57: 945 | BG57: 953 | BH57: A15
AN58: 386 | AO58: 394 | AP58: 402 | AQ58: 410 | AR58: 418 | AS58: 426 | AT58: 434 | AU58: 442 | AV58: ='Array Impedance'!AW58 -> array ID: 1078-14 | AZ58: 898 | BA58: 906 | BB58: 914 | BC58: 922 | BD58: 930 | BE58: 938 | BF58: 946 | BG58: 954 | BH58: ='Array Impedance'!BI58 -> array ID: 1078-29
AN59: 387 | AO59: 395 | AP59: 403 | AQ59: 411 | AR59: 419 | AS59: 427 | AT59: 435 | AU59: 443 | AZ59: 899 | BA59: 907 | BB59: 915 | BC59: 923 | BD59: 931 | BE59: 939 | BF59: 947 | BG59: 955
AN60: 388 | AO60: 396 | AP60: 404 | AQ60: 412 | AR60: 420 | AS60: 428 | AT60: 436 | AU60: 444 | AZ60: 900 | BA60: 908 | BB60: 916 | BC60: 924 | BD60: 932 | BE60: 940 | BF60: 948 | BG60: 956
AN61: 389 | AO61: 397 | AP61: 405 | AQ61: 413 | AR61: 421 | AS61: 429 | AT61: 437 | AU61: 445 | AZ61: 901 | BA61: 909 | BB61: 917 | BC61: 925 | BD61: 933 | BE61: 941 | BF61: 949 | BG61: 957
AN62: 390 | AO62: 398 | AP62: 406 | AQ62: 414 | AR62: 422 | AS62: 430 | AT62: 438 | AU62: 446 | AZ62: 902 | BA62: 910 | BB62: 918 | BC62: 926 | BD62: 934 | BE62: 942 | BF62: 950 | BG62: 958
AN63: 391 | AO63: 399 | AP63: 407 | AQ63: 415 | AR63: 423 | AS63: 431 | AT63: 439 | AU63: 447 | AZ63: 903 | BA63: 911 | BB63: 919 | BC63: 927 | BD63: 935 | BE63: 943 | BF63: 951 | BG63: 959
AN64: 392 | AO64: 400 | AP64: 408 | AQ64: 416 | AR64: 424 | AS64: 432 | AT64: 440 | AU64: 448 | AZ64: 904 | BA64: 912 | BB64: 920 | BC64: 928 | BD64: 936 | BE64: 944 | BF64: 952 | BG64: 960
AN66: 449 | AO66: 457 | AP66: 465 | AQ66: 473 | AR66: 481 | AS66: 489 | AT66: 497 | AU66: 505 | AV66: A8 | AZ66: 961 | BA66: 969 | BB66: 977 | BC66: 985 | BD66: 993 | BE66: 1001 | BF66: 1009 | BG66: 1017 | BH66: A16
AN67: 450 | AO67: 458 | AP67: 466 | AQ67: 474 | AR67: 482 | AS67: 490 | AT67: 498 | AU67: 506 | AV67: ='Array Impedance'!AW67 -> array ID: 1078-17 | AZ67: 962 | BA67: 970 | BB67: 978 | BC67: 986 | BD67: 994 | BE67: 1002 | BF67: 1010 | BG67: 1018 | BH67: ='Array Impedance'!BI67 -> array ID: 1078-30
AN68: 451 | AO68: 459 | AP68: 467 | AQ68: 475 | AR68: 483 | AS68: 491 | AT68: 499 | AU68: 507 | AZ68: 963 | BA68: 971 | BB68: 979 | BC68: 987 | BD68: 995 | BE68: 1003 | BF68: 1011 | BG68: 1019
AN69: 452 | AO69: 460 | AP69: 468 | AQ69: 476 | AR69: 484 | AS69: 492 | AT69: 500 | AU69: 508 | AZ69: 964 | BA69: 972 | BB69: 980 | BC69: 988 | BD69: 996 | BE69: 1004 | BF69: 1012 | BG69: 1020
AN70: 453 | AO70: 461 | AP70: 469 | AQ70: 477 | AR70: 485 | AS70: 493 | AT70: 501 | AU70: 509 | AZ70: 965 | BA70: 973 | BB70: 981 | BC70: 989 | BD70: 997 | BE70: 1005 | BF70: 1013 | BG70: 1021
AN71: 454 | AO71: 462 | AP71: 470 | AQ71: 478 | AR71: 486 | AS71: 494 | AT71: 502 | AU71: 510 | AZ71: 966 | BA71: 974 | BB71: 982 | BC71: 990 | BD71: 998 | BE71: 1006 | BF71: 1014 | BG71: 1022
AN72: 455 | AO72: 463 | AP72: 471 | AQ72: 479 | AR72: 487 | AS72: 495 | AT72: 503 | AU72: 511 | AZ72: 967 | BA72: 975 | BB72: 983 | BC72: 991 | BD72: 999 | BE72: 1007 | BF72: 1015 | BG72: 1023
AN73: 456 | AO73: 464 | AP73: 472 | AQ73: 480 | AR73: 488 | AS73: 496 | AT73: 504 | AU73: 512 | AZ73: 968 | BA73: 976 | BB73: 984 | BC73: 992 | BD73: 1000 | BE73: 1008 | BF73: 1016 | BG73: 1024

Sheet Post-surgery
B2: WO-9001285
AT3: Arrays | AU3: ID | AV3: Channels # | AW3: Reference | AX3: Insertion order | AY3: Region | AZ3: Intact (N: detached) | BA3: Single strike (N: Double) | BB3: Shooting frame (N: Manual) | BC3: Tissue ok (N: Bleeding)
B4: SN: 11388-000003 | AT4: A1 | AU4: 1078-3 | AV4: 1 to 64 | AW4: Y | AX4: 16 | AY4: V1/V2 | AZ4: Y | BA4: N | BB4: N | BC4: Y
AT5: A2 | AU5: 1078-5 | AV5: 65 to 128 | AW5: N | AX5: 15 | AY5: V1/V2 | AZ5: Y | BA5: N | BB5: N | BC5: N
AT6: A3 | AU6: 1078-7 | AV6: 129 to 192 | AW6: Y | AX6: 14 | AY6: V1 | AZ6: Y | BA6: N | BB6: N | BC6: Y
AT7: A4 | AU7: 1078-8 | AV7: 193 to 256 | AW7: Y | AX7: 13 | AY7: V1 | AZ7: Y | BA7: N | BB7: N | BC7: N
AT8: A5 | AU8: 1078-9 | AV8: 257 to 320 | AW8: N | AX8: 12 | AY8: V1 | AZ8: N | BA8: N | BB8: N | BC8: Y
AT9: A6 | AU9: 1078-12 | AV9: 321 to 384 | AW9: N | AX9: 11 | AY9: V1 | AZ9: Y | BA9: Y | BB9: Y | BC9: Y
AT10: A7 | AU10: 1078-14 | AV10: 385 to 448 | AW10: N | AX10: 10 | AY10: V1 | AZ10: Y | BA10: N | BB10: N | BC10: Y
AT11: A8 | AU11: 1078-17 | AV11: 449 to 512 | AW11: Y | AX11: 9 | AY11: V1 | AZ11: Y | BA11: Y | BB11: Y | BC11: Y
AT12: A9 | AU12: 1078-21 | AV12: 513 to 576 | AW12: Y | AX12: 8 | AY12: IT/V4 | AZ12: Y | BA12: Y | BB12: N | BC12: N
AT13: A10 | AU13: 1078-23 | AV13: 577 to 640 | AW13: N | AX13: 7 | AY13: IT/V4 | AZ13: Y | BA13: Y | BB13: N | BC13: N
AT14: A11 | AU14: 1078-25 | AV14: 641 to 704 | AW14: Y | AX14: 6 | AY14: V4 | AZ14: Y | BA14: N | BB14: Y | BC14: Y
AT15: A12 | AU15: 1078-26 | AV15: 705 to 768 | AW15: N | AX15: 5 | AY15: IT/V4 | AZ15: Y | BA15: N | BB15: Y | BC15: Y
AT16: A13 | AU16: 1078-27 | AV16: 769 to 832 | AW16: Y | AX16: 4 | AY16: IT | AZ16: Y | BA16: Y | BB16: Y | BC16: Y
... AT18: A15 | AU18: 1078-29 | AV18: 897 to 960 | AW18: N | AX18: 2 | AY18: IT | AZ18: Y | BA18: Y | BB18: Y | BC18: Y
N19: LGA bottom view (wire bonding side) | AT19: A16 | AU19: 1078-30 | AV19: 961 to 1024 | AW19: Y | AX19: 1 | AY19: IT | AZ19: Y | BA19: Y | BB19: Y | BC19: Y
M21: 1020 | N21: 1021 | O21: 1022 | P21: 1023 | Q21: 1024 | R21: R 7 | S21: R 8 | T21: R 2 | U21: R 1 | V21: 5 | W21: 4 | X21: 3 | Y21: 2 | Z21: 1
L22: 1012 | M22: 1013 | N22: 1014 | O22: 1015 | P22: 1016 | Q22: 1017 | R22: 1018 | S22: 1019 | T22: 13 | U22: 12 | V22: 11 | W22: 10 | X22: 9 | Y22: 8 | Z22: 7 | AA22: 6
K23: 1003 | L23: 1004 | M23: 1005 | N23: 1006 | O23: 1007 | P23: 1008 | Q23: 1009 | R23: 1010 | S23: 1011 | T23: 22 | U23: 21 | V23: 20 | W23: 19 | X23: 18 | Y23: 17 | Z23: 16 | AA23: 15 | AB23: 14
J24: 993 | K24: 994 | L24: 995 | M24: 996 | N24: 997 | O24: 998 | P24: 999 | Q24: 1000 | R24: 1001 | S24: 1002 | T24: 32 | U24: 31 | V24: 30 | W24: 29 | X24: 28 | Y24: 27 | Z24: 26 | AA24: 25 | AB24: 24 | AC24: 23
I25: 982 | J25: 983 | K25: 984 | L25: 985 | M25: 986 | N25: 987 | O25: 988 | P25: 989 | Q25: 990 | R25: 991 | S25: 992 | T25: 43 | U25: 42 | V25: 41 | W25: 40 | X25: 39 | Y25: 38 | Z25: 37 | AA25: 36 | AB25: 35 | AC25: 34 | AD25: 33
H26: 970 | I26: 971 | J26: 972 | K26: 973 | L26: 974 | M26: 975 | N26: 976 | O26: 977 | P26: 978 | Q26: 979 | R26: 980 | S26: 981 | T26: 55 | U26: 54 | V26: 53 | W26: 52 | X26: 51 | Y26: 50 | Z26: 49 | AA26: 48 | AB26: 47 | AC26: 46 | AD26: 45 | AE26: 44
G27: 957 | H27: 958 | I27: 959 | J27: 960 | K27: 961 | L27: 962 | M27: 963 | N27: 964 | O27: 965 | P27: 966 | Q27: 967 | R27: 968 | S27: 969 | T27: 68 | U27: 67 | V27: 66 | W27: 65 | X27: 64 | Y27: 63 | Z27: 62 | AA27: 61 | AB27: 60 | AC27: 59 | AD27: 58 | AE27: 57 | AF27: 56
F28: 943 | G28: 944 | H28: 945 | I28: 946 | J28: 947 | K28: 948 | L28: 949 | M28: 950 | N28: 951 | O28: 952 | P28: 953 | Q28: 954 | R28: 955 | S28: 956 | T28: 82 | U28: 81 | V28: 80 | W28: 79 | X28: 78 | Y28: 77 | Z28: 76 | AA28: 75 | AB28: 74 | AC28: 73 | AD28: 72 | AE28: 71 | AF28: 70 | AG28: 69 | AP28: Regions:
E29: 928 | F29: 929 | G29: 930 | H29: 931 | I29: 932 | J29: 933 | K29: 934 | L29: 935 | M29: 936 | N29: 937 | O29: 938 | P29: 939 | Q29: 940 | R29: 941 | S29: 942 | T29: 97 | U29: 96 | V29: 95 | W29: 94 | X29: 93 | Y29: 92 | Z29: 91 | AA29: 90 | AB29: 89 | AC29: 88 | AD29: 87 | AE29: 86 | AF29: 85 | AG29: 84 | AH29: 83 | AP29: V1
D30: 912 | E30: 913 | F30: 914 | G30: 915 | H30: 916 | I30: 917 | J30: 918 | K30: 919 | L30: 920 | M30: 921 | N30: 922 | O30: 923 | P30: 924 | Q30: 925 | R30: 926 | S30: 927 | T30: 113 | U30: 112 | V30: 111 | W30: 110 | X30: 109 | Y30: 108 | Z30: 107 | AA30: 106 | AB30: 105 | AC30: 104 | AD30: 103 | AE30: 102 | AF30: 101 | AG30: 100 | AH30: 99 | AI30: 98 | AP30: V1/V2
C31: 895 | D31: 896 | E31: 897 | F31: 898 | G31: 899 | H31: 900 | I31: 901 | J31: 902 | K31: 903 | L31: 904 | M31: 905 | N31: 906 | O31: 907 | P31: 908 | Q31: 909 | R31: 910 | S31: 911 | T31: 130 | U31: 129 | V31: 128 | W31: 127 | X31: 126 | Y31: 125 | Z31: 124 | AA31: 123 | AB31: 122 | AC31: 121 | AD31: 120 | AE31: 119 | AF31: 118 | AG31: 117 | AH31: 116 | AI31: 115 | AJ31: 114 | AP31: V4
B32: 877 | C32: 878 | D32: 879 | E32: 880 | F32: 881 | G32: 882 | H32: 883 | I32: 884 | J32: 885 | K32: 886 | L32: 887 | M32: 888 | N32: 889 | O32: 890 | P32: 891 | Q32: 892 | R32: 893 | S32: 894 | T32: 148 | U32: 147 | V32: 146 | W32: 145 | X32: 144 | Y32: 143 | Z32: 142 | AA32: 141 | AB32: 140 | AC32: 139 | AD32: 138 | AE32: 137 | AF32: 136 | AG32: 135 | AH32: 134 | AI32: 133 | AJ32: 132 | AK32: 131 | AP32: IT/V4
B33: 859 | C33: 860 | D33: 861 | E33: 862 | F33: 863 | G33: 864 | H33: 865 | I33: 866 | J33: 867 | K33: 868 | L33: 869 | M33: 870 | N33: 871 | O33: 872 | P33: 873 | Q33: 874 | R33: 875 | S33: 876 | T33: 166 | U33: 165 | V33: 164 | W33: 163 | X33: 162 | Y33: 161 | Z33: 160 | AA33: 159 | AB33: 158 | AC33: 157 | AD33: 156 | AE33: 155 | AF33: 154 | AG33: 153 | AH33: 152 | AI33: 151 | AJ33: 150 | AK33: 149 | AP33: IT
B34: 841 | C34: 842 | D34: 843 | E34: 844 | F34: 845 | G34: 846 | H34: 847 | I34: 848 | J34: 849 | K34: 850 | L34: 851 | M34: 852 | N34: 853 | O34: 854 | P34: 855 | Q34: 856 | R34: 857 | S34: 858 | T34: 184 | U34: 183 | V34: 182 | W34: 181 | X34: 180 | Y34: 179 | Z34: 178 | AA34: 177 | AB34: 176 | AC34: 175 | AD34: 174 | AE34: 173 | AF34: 172 | AG34: 171 | AH34: 170 | AI34: 169 | AJ34: 168 | AK34: 167
B35: 823 | C35: 824 | D35: 825 | E35: 826 | F35: 827 | G35: 828 | H35: 829 | I35: 830 | J35: 831 | K35: 832 | L35: 833 | M35: 834 | N35: 835 | O35: 836 | P35: 837 | Q35: 838 | R35: 839 | S35: 840 | T35: 202 | U35: 201 | V35: 200 | W35: 199 | X35: 198 | Y35: 197 | Z35: 196 | AA35: 195 | AB35: 194 | AC35: 193 | AD35: 192 | AE35: 191 | AF35: 190 | AG35: 189 | AH35: 188 | AI35: 187 | AJ35: 186 | AK35: 185
B36: 805 | C36: 806 | D36: 807 | E36: 808 | F36: 809 | G36: 810 | H36: 811 | I36: 812 | J36: 813 | K36: 814 | L36: 815 | M36: 816 | N36: 817 | O36: 818 | P36: 819 | Q36: 820 | R36: 821 | S36: 822 | T36: 220 | U36: 219 | V36: 218 | W36: 217 | X36: 216 | Y36: 215 | Z36: 214 | AA36: 213 | AB36: 212 | AC36: 211 | AD36: 210 | AE36: 209 | AF36: 208 | AG36: 207 | AH36: 206 | AI36: 205 | AJ36: 204 | AK36: 203
B37: 787 | C37: 788 | D37: 789 | E37: 790 | F37: 791 | G37: 792 | H37: 793 | I37: 794 | J37: 795 | K37: 796 | L37: 797 | M37: 798 | N37: 799 | O37: 800 | P37: 801 | Q37: 802 | R37: 803 | S37: 804 | T37: 238 | U37: 237 | V37: 236 | W37: 235 | X37: 234 | Y37: 233 | Z37: 232 | AA37: 231 | AB37: 230 | AC37: 229 | AD37: 228 | AE37: 227 | AF37: 226 | AG37: 225 | AH37: 224 | AI37: 223 | AJ37: 222 | AK37: 221
B38: 769 | C38: 770 | D38: 771 | E38: 772 | F38: 773 | G38: 774 | H38: 775 | I38: 776 | J38: 777 | K38: 778 | L38: 779 | M38: 780 | N38: 781 | O38: 782 | P38: 783 | Q38: 784 | R38: 785 | S38: 786 | T38: 256 | U38: 255 | V38: 254 | W38: 253 | X38: 252 | Y38: 251 | Z38: 250 | AA38: 249 | AB38: 248 | AC38: 247 | AD38: 246 | AE38: 245 | AF38: 244 | AG38: 243 | AH38: 242 | AI38: 241 | AJ38: 240 | AK38: 239 | AL38: wire
B39: 751 | C39: 752 | D39: 753 | E39: 754 | F39: 755 | G39: 756 | H39: 757 | I39: 758 | J39: 759 | K39: 760 | L39: 761 | M39: 762 | N39: 763 | O39: 764 | P39: 765 | Q39: 766 | R39: 767 | S39: 768 | T39: 274 | U39: 273 | V39: 272 | W39: 271 | X39: 270 | Y39: 269 | Z39: 268 | AA39: 267 | AB39: 266 | AC39: 265 | AD39: 264 | AE39: 263 | AF39: 262 | AG39: 261 | AH39: 260 | AI39: 259 | AJ39: 258 | AK39: 257 | AL39: bundle
B40: 733 | C40: 734 | D40: 735 | E40: 736 | F40: 737 | G40: 738 | H40: 739 | I40: 740 | J40: 741 | K40: 742 | L40: 743 | M40: 744 | N40: 745 | O40: 746 | P40: 747 | Q40: 748 | R40: 749 | S40: 750 | T40: 292 | U40: 291 | V40: 290 | W40: 289 | X40: 288 | Y40: 287 | Z40: 286 | AA40: 285 | AB40: 284 | AC40: 283 | AD40: 282 | AE40: 281 | AF40: 280 | AG40: 279 | AH40: 278 | AI40: 277 | AJ40: 276 | AK40: 275
B41: 715 | C41: 716 | D41: 717 | E41: 718 | F41: 719 | G41: 720 | H41: 721 | I41: 722 | J41: 723 | K41: 724 | L41: 725 | M41: 726 | N41: 727 | O41: 728 | P41: 729 | Q41: 730 | R41: 731 | S41: 732 | T41: 310 | U41: 309 | V41: 308 | W41: 307 | X41: 306 | Y41: 305 | Z41: 304 | AA41: 303 | AB41: 302 | AC41: 301 | AD41: 300 | AE41: 299 | AF41: 298 | AG41: 297 | AH41: 296 | AI41: 295 | AJ41: 294 | AK41: 293
B42: 697 | C42: 698 | D42: 699 | E42: 700 | F42: 701 | G42: 702 | H42: 703 | I42: 704 | J42: 705 | K42: 706 | L42: 707 | M42: 708 | N42: 709 | O42: 710 | P42: 711 | Q42: 712 | R42: 713 | S42: 714 | T42: 328 | U42: 327 | V42: 326 | W42: 325 | X42: 324 | Y42: 323 | Z42: 322 | AA42: 321 | AB42: 320 | AC42: 319 | AD42: 318 | AE42: 317 | AF42: 316 | AG42: 315 | AH42: 314 | AI42: 313 | AJ42: 312 | AK42: 311
B43: 679 | C43: 680 | D43: 681 | E43: 682 | F43: 683 | G43: 684 | H43: 685 | I43: 686 | J43: 687 | K43: 688 | L43: 689 | M43: 690 | N43: 691 | O43: 692 | P43: 693 | Q43: 694 | R43: 695 | S43: 696 | T43: 346 | U43: 345 | V43: 344 | W43: 343 | X43: 342 | Y43: 341 | Z43: 340 | AA43: 339 | AB43: 338 | AC43: 337 | AD43: 336 | AE43: 335 | AF43: 334 | AG43: 333 | AH43: 332 | AI43: 331 | AJ43: 330 | AK43: 329
B44: 661 | C44: 662 | D44: 663 | E44: 664 | F44: 665 | G44: 666 | H44: 667 | I44: 668 | J44: 669 | K44: 670 | L44: 671 | M44: 672 | N44: 673 | O44: 674 | P44: 675 | Q44: 676 | R44: 677 | S44: 678 | T44: 364 | U44: 363 | V44: 362 | W44: 361 | X44: 360 | Y44: 359 | Z44: 358 | AA44: 357 | AB44: 356 | AC44: 355 | AD44: 354 | AE44: 353 | AF44: 352 | AG44: 351 | AH44: 350 | AI44: 349 | AJ44: 348 | AK44: 347
B45: 643 | C45: 644 | D45: 645 | E45: 646 | F45: 647 | G45: 648 | H45: 649 | I45: 650 | J45: 651 | K45: 652 | L45: 653 | M45: 654 | N45: 655 | O45: 656 | P45: 657 | Q45: 658 | R45: 659 | S45: 660 | T45: 382 | U45: 381 | V45: 380 | W45: 379 | X45: 378 | Y45: 377 | Z45: 376 | AA45: 375 | AB45: 374 | AC45: 373 | AD45: 372 | AE45: 371 | AF45: 370 | AG45: 369 | AH45: 368 | AI45: 367 | AJ45: 366 | AK45: 365
C46: 626 | D46: 627 | E46: 628 | F46: 629 | G46: 630 | H46: 631 | I46: 632 | J46: 633 | K46: 634 | L46: 635 | M46: 636 | N46: 637 | O46: 638 | P46: 639 | Q46: 640 | R46: 641 | S46: 642 | T46: 399 | U46: 398 | V46: 397 | W46: 396 | X46: 395 | Y46: 394 | Z46: 393 | AA46: 392 | AB46: 391 | AC46: 390 | AD46: 389 | AE46: 388 | AF46: 387 | AG46: 386 | AH46: 385 | AI46: 384 | AJ46: 383
D47: 610 | E47: 611 | F47: 612 | G47: 613 | H47: 614 | I47: 615 | J47: 616 | K47: 617 | L47: 618 | M47: 619 | N47: 620 | O47: 621 | P47: 622 | Q47: 623 | R47: 624 | S47: 625 | T47: 415 | U47: 414 | V47: 413 | W47: 412 | X47: 411 | Y47: 410 | Z47: 409 | AA47: 408 | AB47: 407 | AC47: 406 | AD47: 405 | AE47: 404 | AF47: 403 | AG47: 402 | AH47: 401 | AI47: 400
E48: 595 | F48: 596 | G48: 597 | H48: 598 | I48: 599 | J48: 600 | K48: 601 | L48: 602 | M48: 603 | N48: 604 | O48: 605 | P48: 606 | Q48: 607 | R48: 608 | S48: 609 | T48: 430 | U48: 429 | V48: 428 | W48: 427 | X48: 426 | Y48: 425 | Z48: 424 | AA48: 423 | AB48: 422 | AC48: 421 | AD48: 420 | AE48: 419 | AF48: 418 | AG48: 417 | AH48: 416
F49: 581 | G49: 582 | H49: 583 | I49: 584 | J49: 585 | K49: 586 | L49: 587 | M49: 588 | N49: 589 | O49: 590 | P49: 591 | Q49: 592 | R49: 593 | S49: 594 | T49: 444 | U49: 443 | V49: 442 | W49: 441 | X49: 440 | Y49: 439 | Z49: 438 | AA49: 437 | AB49: 436 | AC49: 435 | AD49: 434 | AE49: 433 | AF49: 432 | AG49: 431
G50: 568 | H50: 569 | I50: 570 | J50: 571 | K50: 572 | L50: 573 | M50: 574 | N50: 575 | O50: 576 | P50: 577 | Q50: 578 | R50: 579 | S50: 580 | T50: 457 | U50: 456 | V50: 455 | W50: 454 | X50: 453 | Y50: 452 | Z50: 451 | AA50: 450 | AB50: 449 | AC50: 448 | AD50: 447 | AE50: 446 | AF50: 445
H51: 556 | I51: 557 | J51: 558 | K51: 559 | L51: 560 | M51: 561 | N51: 562 | O51: 563 | P51: 564 | Q51: 565 | R51: 566 | S51: 567 | T51: 469 | U51: 468 | V51: 467 | W51: 466 | X51: 465 | Y51: 464 | Z51: 463 | AA51: 462 | AB51: 461 | AC51: 460 | AD51: 459 | AE51: 458
I52: 545 | J52: 546 | K52: 547 | L52: 548 | M52: 549 | N52: 550 | O52: 551 | P52: 552 | Q52: 553 | R52: 554 | S52: 555 | T52: 480 | U52: 479 | V52: 478 | W52: 477 | X52: 476 | Y52: 475 | Z52: 474 | AA52: 473 | AB52: 472 | AC52: 471 | AD52: 470
J53: 535 | K53: 536 | L53: 537 | M53: 538 | N53: 539 | O53: 540 | P53: 541 | Q53: 542 | R53: 543 | S53: 544 | T53: 490 | U53: 489 | V53: 488 | W53: 487 | X53: 486 | Y53: 485 | Z53: 484 | AA53: 483 | AB53: 482 | AC53: 481
K54: 526 | L54: 527 | M54: 528 | N54: 529 | O54: 530 | P54: 531 | Q54: 532 | R54: 533 | S54: 534 | T54: 499 | U54: 498 | V54: 497 | W54: 496 | X54: 495 | Y54: 494 | Z54: 493 | AA54: 492 | AB54: 491
L55: 518 | M55: 519 | N55: 520 | O55: 521 | P55: 522 | Q55: 523 | R55: 524 | S55: 525 | T55: 507 | U55: 506 | V55: 505 | W55: 504 | X55: 503 | Y55: 502 | Z55: 501 | AA55: 500
M56: 513 | N56: 514 | O56: 515 | P56: 516 | Q56: 517 | R56: R 5 | S56: R 6 | T56: R 4 | U56: R 3 | V56: 512 | W56: 511 | X56: 510 | Y56: 509 | Z56: 508
